label,Annual_income_log,GENDER_M,Car_Owner_Y,Propert_Owner_Y,Type_Income_Pensioner,Type_Income_State servant,Type_Income_Working,Marital_status_Married,Marital_status_Separated,Marital_status_Single / not married,Marital_status_Widow,Housing_type_House / apartment,Housing_type_Municipal apartment,Housing_type_Office apartment,Housing_type_Rented apartment,Housing_type_With parents,Family_members_category_encoded,Education_encoded
1,12.100712129872347,1,1,1,1,0,0,1,0,0,0,1,0,0,0,0,1,3
1,12.66032791780777,0,1,0,0,0,0,1,0,0,0,1,0,0,0,0,1,3
1,12.66032791780777,0,1,0,0,0,0,1,0,0,0,1,0,0,0,0,1,3
1,12.022750588402635,0,1,0,0,0,0,1,0,0,0,1,0,0,0,0,1,3
1,12.66032791780777,0,1,0,0,0,0,1,0,0,0,1,0,0,0,0,1,3
1,12.66032791780777,0,1,0,1,0,0,1,0,0,0,1,0,0,0,0,1,3
1,12.66032791780777,0,1,0,0,0,0,1,0,0,0,1,0,0,0,0,1,3
1,12.100712129872347,0,0,0,1,0,0,1,0,0,0,1,0,0,0,0,1,1
1,13.017002861746503,1,1,1,0,0,0,1,0,0,0,1,0,0,0,0,1,1
1,13.017002861746503,1,1,1,1,0,0,1,0,0,0,1,0,0,0,0,1,1
1,13.017002861746503,1,1,1,0,0,0,0,0,1,0,1,0,0,0,0,0,1
1,11.407564949312402,0,1,1,0,0,1,1,0,0,0,1,0,0,0,0,1,1
1,12.022750588402635,0,1,1,0,0,1,1,0,0,0,1,0,0,0,0,1,1
1,11.407564949312402,0,1,1,0,0,1,1,0,0,0,1,0,0,0,0,1,1
1,13.065793025915934,1,0,0,1,0,0,1,0,0,0,0,0,0,0,1,1,3
1,12.506177237980511,1,0,1,0,0,1,1,0,0,0,1,0,0,0,0,1,1
1,12.506177237980511,1,0,1,0,0,1,0,0,1,0,1,0,0,0,0,1,1
1,11.744037185933616,0,0,1,0,0,0,0,0,1,0,1,0,0,0,0,0,3
1,11.744037185933616,0,0,1,0,0,0,0,0,1,0,1,0,0,0,0,0,3
1,11.407564949312402,1,0,1,1,0,0,1,0,0,0,1,0,0,0,0,1,1
1,12.218495165528731,1,0,0,0,0,1,0,0,1,0,1,0,0,0,0,0,3
1,12.218495165528731,1,1,1,0,0,0,0,0,0,0,1,0,0,0,0,1,1
1,11.967180737247824,1,0,1,0,0,0,0,0,0,0,1,0,0,0,0,1,3
1,11.630708500626612,0,0,1,0,0,0,1,0,0,0,1,0,0,0,0,1,1
1,12.100712129872347,0,0,1,0,0,1,1,0,0,0,1,0,0,0,0,1,3
1,13.199324418540456,0,1,1,0,0,0,1,0,0,0,1,0,0,0,0,1,3
1,11.630708500626612,0,0,1,1,0,0,1,0,0,0,1,0,0,0,0,1,1
1,12.022750588402635,0,0,1,1,0,0,1,0,0,0,1,0,0,0,0,1,1
1,12.58621994565405,0,0,1,0,0,1,1,0,0,0,1,0,0,0,0,1,1
1,13.199324418540456,1,0,0,0,0,0,1,0,0,0,1,0,0,0,0,1,3
1,11.407564949312402,0,0,1,0,0,1,0,0,1,0,0,0,0,1,0,1,0
1,11.630708500626612,0,0,1,1,0,0,1,0,0,0,1,0,0,0,0,1,1
1,11.813030057420567,0,0,0,0,0,1,0,0,1,0,1,0,0,0,0,0,3
1,11.813030057420567,0,1,0,0,0,1,1,0,0,0,1,0,0,0,0,1,1
1,12.100712129872347,1,0,1,0,0,1,1,0,0,0,1,0,0,0,0,1,1
1,11.630708500626612,1,1,0,0,1,0,0,0,1,0,1,0,0,0,0,1,1
1,12.58621994565405,1,1,1,0,0,1,1,0,0,0,1,0,0,0,0,1,3
1,11.245046019814627,0,1,1,1,0,0,1,0,0,0,1,0,0,0,0,1,1
1,12.278858315255821,1,1,1,0,0,0,1,0,0,0,1,0,0,0,0,1,1
1,13.017002861746503,1,1,1,0,0,0,0,1,0,0,1,0,0,0,0,0,3
1,12.506177237980511,0,1,0,0,1,0,1,0,0,0,1,0,0,0,0,1,3
1,12.323855681186558,0,0,1,1,0,0,0,0,1,0,1,0,0,0,0,0,1
1,12.323855681186558,0,0,1,1,0,0,0,0,1,0,1,0,0,0,0,0,1
1,12.323855681186558,0,0,1,1,0,0,0,0,1,0,1,0,0,0,0,0,1
1,11.967180737247824,0,0,1,0,0,0,0,0,1,0,1,0,0,0,0,1,1
1,11.967180737247824,0,0,1,1,0,0,0,0,1,0,1,0,0,0,0,1,1
1,11.119882876860622,0,0,1,0,0,0,1,0,0,0,1,0,0,0,0,1,1
1,12.100712129872347,1,1,0,0,0,0,1,0,0,0,1,0,0,0,0,1,1
1,12.100712129872347,1,1,0,0,0,0,1,0,0,0,1,0,0,0,0,1,1
1,11.967180737247824,1,0,0,0,0,1,1,0,0,0,1,0,0,0,0,1,1
1,11.967180737247824,1,0,0,0,0,1,1,0,0,0,1,0,0,0,0,1,1
1,12.049418835484797,1,0,0,0,0,0,0,0,1,0,1,0,0,0,0,0,2
1,11.813030057420567,1,1,0,0,0,1,1,0,0,0,1,0,0,0,0,1,1
1,11.813030057420567,1,1,0,0,0,1,1,0,0,0,1,0,0,0,0,1,1
1,11.547326891687561,0,0,1,0,0,1,1,0,0,0,1,0,0,0,0,1,1
1,11.547326891687561,0,0,1,0,0,1,1,0,0,0,1,0,0,0,0,1,1
1,12.323855681186558,1,1,1,0,0,1,1,0,0,0,1,0,0,0,0,1,1
1,12.323855681186558,1,1,1,0,0,1,1,0,0,0,1,0,0,0,0,1,1
1,12.323855681186558,1,1,1,0,0,1,1,0,0,0,1,0,0,0,0,1,1
1,12.100712129872347,0,1,1,0,0,0,1,0,0,0,1,0,0,0,0,1,1
1,11.967180737247824,1,0,0,0,0,1,1,0,0,0,1,0,0,0,0,1,1
1,11.967180737247824,1,0,0,0,0,1,1,0,0,0,1,0,0,0,0,0,1
1,12.100712129872347,0,0,0,0,0,1,1,0,0,0,1,0,0,0,0,1,1
1,12.100712129872347,0,0,0,0,0,1,0,0,1,0,1,0,0,0,0,1,1
1,11.502875129116727,0,0,1,1,0,0,0,1,0,0,1,0,0,0,0,0,3
1,12.022750588402635,0,0,1,1,0,0,0,1,0,0,1,0,0,0,0,0,3
1,11.502875129116727,1,0,1,1,0,0,0,1,0,0,1,0,0,0,0,0,3
1,11.502875129116727,0,0,1,1,0,0,0,1,0,0,1,0,0,0,0,0,3
1,12.877740794412995,1,0,0,0,0,1,0,0,1,0,0,1,0,0,0,0,1
1,12.877740794412995,1,0,0,0,0,1,0,0,1,0,0,1,0,0,0,0,1
1,12.877740794412995,1,0,0,0,0,1,0,0,1,0,0,1,0,0,0,0,1
1,11.08598132518494,1,0,1,1,0,0,1,0,0,0,1,0,0,0,0,1,3
1,11.19684391799675,1,0,1,1,0,0,1,0,0,0,1,0,0,0,0,1,0
1,12.323855681186558,0,0,1,1,0,0,1,0,0,0,0,1,0,0,0,1,1
1,11.119882876860622,0,0,1,0,0,0,1,0,0,0,1,0,0,0,0,1,3
1,12.100712129872347,1,0,0,0,0,1,0,0,1,0,1,0,0,0,0,1,1
1,12.022750588402635,1,0,1,0,0,1,0,0,1,0,1,0,0,0,0,1,1
1,12.218495165528731,0,1,1,0,0,1,1,0,0,0,1,0,0,0,0,1,3
1,11.967180737247824,0,0,0,0,0,0,1,0,0,0,1,0,0,0,0,1,1
1,12.218495165528731,0,1,0,0,0,1,1,0,0,0,0,0,0,1,0,1,3
1,12.506177237980511,0,1,1,0,0,1,0,1,0,0,1,0,0,0,0,1,3
1,11.813030057420567,0,1,0,0,0,0,1,0,0,0,1,0,0,0,0,1,1
1,12.793859310432293,0,1,1,0,1,0,0,1,0,0,1,0,0,0,0,0,3
1,12.45488394359296,0,1,1,0,0,0,1,0,0,0,1,0,0,0,0,1,3
1,12.45488394359296,0,1,1,0,0,0,0,0,1,0,1,0,0,0,0,1,3
1,11.967180737247824,1,0,1,0,0,1,1,0,0,0,1,0,0,0,0,1,1
1,12.323855681186558,0,0,0,0,0,0,1,0,0,0,1,0,0,0,0,1,1
1,12.100712129872347,0,0,1,0,0,1,0,1,0,0,1,0,0,0,0,1,2
1,12.100712129872347,0,0,1,0,0,1,0,1,0,0,1,0,0,0,0,1,2
1,12.218495165528731,1,1,0,0,0,1,1,0,0,0,0,0,0,0,1,1,1
1,12.218495165528731,1,1,0,0,0,1,1,0,0,0,0,0,0,0,1,1,1
1,12.218495165528731,1,1,0,0,0,1,1,0,0,0,0,0,0,0,1,1,1
1,12.66032791780777,1,1,1,0,0,0,1,0,0,0,1,0,0,0,0,1,3
1,12.323855681186558,0,1,0,0,0,1,1,0,0,0,1,0,0,0,0,1,3
1,11.744037185933616,1,0,1,0,0,0,0,0,0,0,1,0,0,0,0,1,1
1,13.422467969854667,0,0,1,0,0,0,0,0,1,0,1,0,0,0,0,1,1
1,11.813030057420567,1,1,1,0,0,1,1,0,0,0,1,0,0,0,0,1,1
1,11.813030057420567,1,1,1,0,0,1,1,0,0,0,1,0,0,0,0,1,1
1,12.419165860990882,1,1,1,0,0,1,1,0,0,0,1,0,0,0,0,1,1
1,11.547326891687561,0,0,0,1,0,0,1,0,0,0,1,0,0,0,0,1,1
1,11.356271654924852,1,0,0,0,1,0,1,0,0,0,0,1,0,0,0,1,1
1,11.813030057420567,0,0,0,0,0,1,0,0,0,1,0,0,0,0,0,0,1
1,11.813030057420567,0,0,0,0,0,1,0,0,0,1,0,0,0,0,0,0,1
1,12.100712129872347,0,0,1,0,0,1,0,0,0,1,1,0,0,0,0,0,0
1,11.70766954176274,0,0,1,0,0,1,1,0,0,0,1,0,0,0,0,1,1
1,12.100712129872347,1,1,0,0,0,1,0,0,1,0,1,0,0,0,0,0,1
1,12.323855681186558,1,0,1,1,0,0,0,0,0,1,1,0,0,0,0,0,1
1,12.022750588402635,1,1,0,0,0,0,0,0,1,0,0,1,0,0,0,0,3
1,11.813030057420567,0,0,1,0,0,0,1,0,0,0,1,0,0,0,0,1,1
1,12.323855681186558,1,0,0,0,0,1,0,0,0,1,0,1,0,0,0,0,1
1,11.119882876860622,0,0,0,1,0,0,0,0,0,1,1,0,0,0,0,0,1
1,11.813030057420567,0,1,0,1,0,0,1,0,0,0,1,0,0,0,0,1,1
1,11.779128505744886,1,0,0,0,0,1,1,0,0,0,0,0,0,1,0,1,2
1,11.779128505744886,1,0,0,0,0,1,1,0,0,0,0,0,0,1,0,1,2
1,12.218495165528731,0,0,1,0,0,1,1,0,0,0,1,0,0,0,0,1,1
1,12.218495165528731,0,0,1,0,0,1,1,0,0,0,1,0,0,0,0,1,1
1,12.218495165528731,0,0,1,0,0,1,1,0,0,0,1,0,0,0,0,1,1
1,12.218495165528731,0,0,1,0,0,1,1,0,0,0,1,0,0,0,0,1,1
1,12.218495165528731,0,0,1,0,0,1,0,0,1,0,1,0,0,0,0,1,1
1,11.744037185933616,1,1,1,0,0,1,0,0,1,0,1,0,0,0,0,0,3
1,11.744037185933616,1,1,1,0,0,1,0,0,1,0,1,0,0,0,0,0,3
1,12.100712129872347,0,0,1,0,0,0,1,0,0,0,1,0,0,0,0,2,1
1,12.100712129872347,0,0,1,1,0,0,1,0,0,0,1,0,0,0,0,1,1
1,12.100712129872347,0,0,1,1,0,0,1,0,0,0,1,0,0,0,0,1,1
1,12.100712129872347,0,0,1,1,0,0,1,0,0,0,1,0,0,0,0,1,1
1,12.022750588402635,0,0,1,1,0,0,1,0,0,0,1,0,0,0,0,1,1
1,12.261980277468469,1,1,1,1,0,0,1,0,0,0,1,0,0,0,0,1,1
1,11.967180737247824,0,0,1,0,0,0,1,0,0,0,1,0,0,0,0,1,1
1,11.302204433654575,0,0,0,1,0,0,0,1,0,0,1,0,0,0,0,0,1
1,11.302204433654575,0,0,0,1,0,0,0,0,0,1,1,0,0,0,0,0,1
1,11.630708500626612,0,0,0,1,0,0,1,0,0,0,0,1,0,0,0,1,1
1,11.630708500626612,0,0,0,1,0,0,1,0,0,0,0,1,0,0,0,1,1
1,11.630708500626612,0,0,0,1,0,0,1,0,0,0,0,1,0,0,0,1,1
1,11.630708500626612,0,0,0,1,0,0,0,0,1,0,0,1,0,0,0,1,1
1,11.630708500626612,1,0,0,1,0,0,1,0,0,0,0,1,0,0,0,1,1
1,11.184421397998193,0,0,1,0,0,1,1,0,0,0,1,0,0,0,0,1,1
1,12.218495165528731,0,0,0,0,0,1,0,1,0,0,1,0,0,0,0,1,1
1,11.908340237224891,0,0,1,1,0,0,1,0,0,0,1,0,0,0,0,1,1
1,11.813030057420567,0,1,1,0,0,1,1,0,0,0,1,0,0,0,0,1,0
1,11.813030057420567,0,1,1,0,0,1,1,0,0,0,1,0,0,0,0,1,0
1,12.506177237980511,1,0,1,0,0,0,0,0,1,0,0,1,0,0,0,0,1
1,11.813030057420567,1,1,0,0,0,0,0,0,1,0,1,0,0,0,0,1,1
1,11.813030057420567,0,0,1,0,0,0,0,0,0,0,0,0,0,0,1,1,0
1,11.99535161421452,0,0,0,1,0,0,1,0,0,0,1,0,0,0,0,1,1
1,11.630708500626612,1,0,1,0,0,0,1,0,0,0,1,0,0,0,0,1,3
1,11.630708500626612,1,0,1,0,0,0,1,0,0,0,1,0,0,0,0,1,3
1,11.630708500626612,1,0,1,0,0,0,1,0,0,0,1,0,0,0,0,1,3
1,11.813030057420567,0,0,1,0,1,0,0,0,1,0,0,1,0,0,0,0,3
1,11.813030057420567,0,0,1,0,1,0,0,0,1,0,0,1,0,0,0,0,3
1,12.18459361385305,1,1,1,0,0,1,1,0,0,0,1,0,0,0,0,1,1
1,13.279367126213993,0,0,1,0,0,0,0,0,1,0,1,0,0,0,0,1,3
1,13.279367126213993,0,0,1,0,0,0,0,0,1,0,1,0,0,0,0,1,3
1,12.022750588402635,1,1,1,0,0,0,1,0,0,0,1,0,0,0,0,1,3
1,13.017002861746503,1,1,1,0,0,0,1,0,0,0,1,0,0,0,0,1,3
1,13.017002861746503,1,1,1,0,0,0,1,0,0,0,1,0,0,0,0,1,3
1,11.630708500626612,1,1,1,0,0,1,1,0,0,0,1,0,0,0,0,1,1
1,11.630708500626612,1,1,1,0,0,1,1,0,0,0,1,0,0,0,0,1,1
1,11.119882876860622,0,0,0,0,0,0,0,1,0,0,1,0,0,0,0,0,3
1,11.119882876860622,0,0,1,0,0,0,0,1,0,0,1,0,0,0,0,0,3
1,11.119882876860622,0,0,1,0,0,0,0,1,0,0,1,0,0,0,0,0,3
1,12.283033686666302,1,0,0,0,0,1,1,0,0,0,0,1,0,0,0,1,1
1,12.631340380934517,0,0,1,1,0,0,1,0,0,0,1,0,0,0,0,1,3
1,11.407564949312402,0,0,1,1,0,0,1,0,0,0,1,0,0,0,0,1,1
1,12.323855681186558,1,1,1,0,0,1,0,0,1,0,1,0,0,0,0,0,1
1,11.589886506106357,0,0,1,0,0,1,1,0,0,0,1,0,0,0,0,1,1
1,11.813030057420567,0,0,1,0,0,1,1,0,0,0,1,0,0,0,0,1,1
1,11.813030057420567,0,0,1,0,0,1,0,0,0,1,1,0,0,0,0,0,1
1,11.589886506106357,1,1,0,0,0,1,1,0,0,0,0,0,1,0,0,1,1
1,11.589886506106357,1,1,0,0,0,1,1,0,0,0,0,0,1,0,0,1,1
1,13.017002861746503,1,1,0,0,0,1,1,0,0,0,1,0,0,0,0,1,3
1,13.017002861746503,1,1,0,0,0,1,1,0,0,0,1,0,0,0,0,1,3
1,13.017002861746503,0,1,0,0,0,1,1,0,0,0,1,0,0,0,0,1,3
1,12.66032791780777,1,1,1,0,0,1,1,0,0,0,1,0,0,0,0,1,1
1,11.967180737247824,0,0,1,0,0,0,1,0,0,0,1,0,0,0,0,1,3
1,11.967180737247824,0,0,1,1,0,0,1,0,0,0,1,0,0,0,0,1,3
0,11.302204433654575,0,0,1,0,0,1,1,0,0,0,0,1,0,0,0,1,1
0,12.323855681186558,1,1,0,0,0,0,1,0,0,0,1,0,0,0,0,1,1
0,12.100712129872347,0,0,1,0,0,0,0,0,0,0,1,0,0,0,0,1,3
0,11.813030057420567,0,0,1,0,1,0,1,0,0,0,1,0,0,0,0,1,1
0,11.813030057420567,0,0,0,0,0,1,1,0,0,0,1,0,0,0,0,1,1
0,11.05089000537367,0,0,1,0,0,0,1,0,0,0,1,0,0,0,0,1,1
0,11.813030057420567,0,0,1,0,0,1,1,0,0,0,1,0,0,0,0,1,1
0,11.630708500626612,0,0,1,1,0,0,0,0,1,0,1,0,0,0,0,0,1
0,11.630708500626612,0,0,1,0,0,1,1,0,0,0,1,0,0,0,0,1,3
0,10.714417768752456,0,0,1,1,0,0,1,0,0,0,1,0,0,0,0,1,1
0,12.022750588402635,0,1,1,0,0,1,1,0,0,0,1,0,0,0,0,1,1
0,12.218495165528731,0,0,1,1,0,0,1,0,0,0,1,0,0,0,0,1,1
0,12.100712129872347,1,0,1,0,0,1,1,0,0,0,1,0,0,0,0,1,0
0,13.017002861746503,0,1,0,0,0,1,1,0,0,0,1,0,0,0,0,1,3
0,12.45488394359296,1,1,1,0,0,0,1,0,0,0,1,0,0,0,0,1,3
0,11.407564949312402,0,0,1,0,0,1,0,0,1,0,1,0,0,0,0,0,1
0,12.100712129872347,0,0,1,0,0,0,0,0,1,0,1,0,0,0,0,0,1
0,11.407564949312402,0,0,0,0,0,0,0,0,1,0,1,0,0,0,0,0,1
0,11.813030057420567,0,0,1,1,0,0,1,0,0,0,1,0,0,0,0,1,1
0,11.744037185933616,1,0,1,1,0,0,1,0,0,0,0,0,0,1,0,1,1
0,11.744037185933616,0,0,0,1,0,0,1,0,0,0,1,0,0,0,0,1,1
0,12.729320789294722,0,0,1,0,0,1,0,0,1,0,1,0,0,0,0,1,4
0,11.407564949312402,1,1,1,0,0,1,1,0,0,0,1,0,0,0,0,1,1
0,11.786001385032646,1,1,1,1,0,0,1,0,0,0,1,0,0,0,0,1,1
0,12.100712129872347,1,0,0,0,0,0,0,0,0,0,0,0,0,1,0,1,1
0,12.419165860990882,0,0,1,1,0,0,0,0,0,1,1,0,0,0,0,0,1
0,11.70766954176274,0,0,1,0,0,1,1,0,0,0,0,0,0,0,1,1,1
0,11.669929213779893,0,0,1,0,0,1,0,0,0,1,1,0,0,0,0,1,0
0,11.407564949312402,0,0,1,0,0,1,1,0,0,0,1,0,0,0,0,1,1
0,13.006952525893,1,0,1,0,0,0,0,1,0,0,1,0,0,0,0,0,3
0,11.967180737247824,1,1,1,0,0,1,1,0,0,0,1,0,0,0,0,1,1
0,11.630708500626612,1,1,0,0,0,1,1,0,0,0,1,0,0,0,0,1,1
0,12.100712129872347,0,1,0,0,0,0,1,0,0,0,1,0,0,0,0,1,1
0,11.967180737247824,0,1,0,0,0,0,1,0,0,0,1,0,0,0,0,1,2
0,11.669929213779893,0,0,0,0,0,1,1,0,0,0,1,0,0,0,0,1,1
0,12.363076394339839,1,0,1,0,0,1,1,0,0,0,1,0,0,0,0,1,1
0,14.269765830241871,0,1,1,0,0,0,0,0,1,0,1,0,0,0,0,1,3
0,12.419165860990882,1,1,1,0,1,0,1,0,0,0,0,1,0,0,0,1,1
0,11.877568578558138,0,0,1,0,0,1,1,0,0,0,1,0,0,0,0,1,1
0,12.100712129872347,1,1,1,0,0,1,1,0,0,0,1,0,0,0,0,1,3
0,12.022750588402635,0,0,1,0,0,0,1,0,0,0,1,0,0,0,0,1,1
0,12.283033686666302,0,0,1,0,0,1,0,0,1,0,1,0,0,0,0,1,3
0,11.407564949312402,0,0,1,0,0,0,1,0,0,0,1,0,0,0,0,1,1
0,12.049418835484797,0,0,1,1,0,0,1,0,0,0,1,0,0,0,0,1,3
0,12.100712129872347,1,1,0,0,0,1,1,0,0,0,0,1,0,0,0,1,1
0,12.323855681186558,0,0,0,1,0,0,0,1,0,0,1,0,0,0,0,0,3
0,12.323855681186558,1,0,0,0,0,1,1,0,0,0,1,0,0,0,0,1,2
0,12.506177237980511,1,1,0,0,0,0,0,1,0,0,1,0,0,0,0,0,3
0,11.113193888709825,0,0,1,1,0,0,1,0,0,0,1,0,0,0,0,1,3
0,12.506177237980511,1,1,1,0,0,1,1,0,0,0,1,0,0,0,0,1,3
0,11.202997783571128,0,0,0,0,0,1,1,0,0,0,1,0,0,0,0,1,1
0,11.630708500626612,0,1,1,0,0,1,1,0,0,0,1,0,0,0,0,1,1
0,11.877568578558138,0,1,0,0,0,1,0,0,0,1,1,0,0,0,0,0,1
0,12.323855681186558,0,1,1,0,0,1,1,0,0,0,1,0,0,0,0,1,3
0,11.630708500626612,0,0,0,0,0,1,1,0,0,0,1,0,0,0,0,1,1
0,12.58621994565405,0,1,0,0,1,0,1,0,0,0,1,0,0,0,0,1,3
0,11.813030057420567,1,1,1,0,0,0,1,0,0,0,1,0,0,0,0,1,1
0,11.967180737247824,1,1,1,0,0,0,0,0,1,0,0,1,0,0,0,0,1
0,14.269765830241871,0,1,1,0,0,0,0,0,1,0,1,0,0,0,0,1,3
0,11.967180737247824,0,0,1,0,0,1,0,1,0,0,1,0,0,0,0,0,1
0,11.967180737247824,0,0,1,0,0,1,1,0,0,0,1,0,0,0,0,1,1
0,11.813030057420567,0,1,1,0,0,1,1,0,0,0,1,0,0,0,0,1,3
0,11.630708500626612,0,0,0,0,0,0,1,0,0,0,1,0,0,0,0,1,1
0,12.218495165528731,1,1,0,0,0,1,1,0,0,0,1,0,0,0,0,1,1
0,12.173032791451973,0,0,1,0,0,1,0,1,0,0,1,0,0,0,0,0,1
0,12.323855681186558,0,1,1,0,0,0,0,0,1,0,0,0,0,0,1,0,3
0,11.589886506106357,0,1,1,0,0,1,0,1,0,0,1,0,0,0,0,0,1
0,13.710150042306449,1,0,1,0,0,1,1,0,0,0,1,0,0,0,0,1,1
0,12.58621994565405,0,0,1,0,0,0,0,0,0,0,1,0,0,0,0,1,3
0,12.506177237980511,1,1,1,0,0,1,1,0,0,0,1,0,0,0,0,1,3
0,12.506177237980511,1,1,0,1,0,0,1,0,0,0,1,0,0,0,0,1,3
0,12.58621994565405,1,0,1,0,0,1,1,0,0,0,1,0,0,0,0,1,1
0,12.58621994565405,0,0,0,0,1,0,1,0,0,0,1,0,0,0,0,1,1
0,11.967180737247824,0,1,1,0,0,0,1,0,0,0,1,0,0,0,0,1,3
0,11.245046019814627,0,0,0,0,0,1,1,0,0,0,1,0,0,0,0,1,1
0,11.967180737247824,0,0,1,0,0,1,0,0,1,0,1,0,0,0,0,0,1
0,12.100712129872347,1,1,0,0,0,1,0,0,1,0,0,0,0,0,1,0,1
0,11.813030057420567,0,0,1,1,0,0,1,0,0,0,1,0,0,0,0,1,1
0,11.630708500626612,0,0,0,0,1,0,0,0,1,0,1,0,0,0,0,1,1
0,12.793859310432293,1,0,1,0,1,0,1,0,0,0,1,0,0,0,0,1,3
0,11.967180737247824,0,0,1,0,0,1,1,0,0,0,1,0,0,0,0,1,1
0,12.323855681186558,0,1,1,1,0,0,1,0,0,0,1,0,0,0,0,1,1
0,11.630708500626612,0,0,0,0,0,1,1,0,0,0,1,0,0,0,0,1,1
0,11.70766954176274,0,1,0,1,0,0,0,0,1,0,1,0,0,0,0,0,1
0,12.218495165528731,1,0,1,0,0,0,1,0,0,0,0,0,0,1,0,1,0
0,11.630708500626612,0,1,0,0,1,0,0,0,0,1,1,0,0,0,0,0,1
0,11.813030057420567,0,1,1,0,0,1,1,0,0,0,1,0,0,0,0,1,3
0,11.547326891687561,0,0,1,0,0,0,1,0,0,0,1,0,0,0,0,1,1
0,11.967180737247824,0,0,1,0,0,1,1,0,0,0,1,0,0,0,0,1,1
0,12.729320789294722,1,1,0,0,0,1,0,0,1,0,0,0,0,0,1,0,1
0,12.100712129872347,0,1,1,0,1,0,1,0,0,0,1,0,0,0,0,1,1
0,11.630708500626612,0,0,1,1,0,0,1,0,0,0,1,0,0,0,0,1,1
0,11.967180737247824,0,0,0,0,0,1,1,0,0,0,1,0,0,0,0,1,3
0,12.793859310432293,1,1,0,0,1,0,1,0,0,0,1,0,0,0,0,1,3
0,11.813030057420567,0,0,0,0,0,0,1,0,0,0,1,0,0,0,0,1,1
0,12.729320789294722,1,1,1,0,0,1,0,1,0,0,1,0,0,0,0,0,3
0,11.813030057420567,0,0,1,1,0,0,1,0,0,0,1,0,0,0,0,1,1
0,12.793859310432293,0,0,0,0,0,0,0,0,0,0,1,0,0,0,0,1,3
0,12.022750588402635,0,0,1,0,0,1,0,0,1,0,1,0,0,0,0,1,1
0,13.017002861746503,0,1,1,0,1,0,1,0,0,0,1,0,0,0,0,1,3
0,12.506177237980511,0,0,0,0,1,0,0,1,0,0,1,0,0,0,0,0,1
0,12.506177237980511,1,0,0,0,0,1,1,0,0,0,0,0,0,0,1,1,1
0,12.506177237980511,0,0,0,0,0,0,0,0,1,0,1,0,0,0,0,0,3
0,13.017002861746503,0,1,1,1,0,0,0,0,0,1,1,0,0,0,0,0,3
0,11.967180737247824,0,0,1,1,0,0,1,0,0,0,1,0,0,0,0,1,0
0,11.630708500626612,0,0,1,0,0,0,0,0,1,0,1,0,0,0,0,0,1
0,12.58621994565405,1,1,0,0,0,0,1,0,0,0,1,0,0,0,0,1,1
0,11.630708500626612,0,0,0,0,1,0,1,0,0,0,0,0,0,0,1,1,1
0,12.419165860990882,0,0,1,0,0,0,1,0,0,0,1,0,0,0,0,1,1
0,11.967180737247824,0,0,0,0,0,1,0,0,1,0,0,0,0,0,1,0,1
0,12.323855681186558,1,1,0,0,0,1,0,0,1,0,1,0,0,0,0,0,1
0,11.456355113481834,0,0,1,0,0,0,1,0,0,0,1,0,0,0,0,1,2
0,11.302204433654575,1,0,0,0,0,1,0,0,0,0,1,0,0,0,0,1,1
0,12.100712129872347,0,1,1,0,0,0,1,0,0,0,1,0,0,0,0,1,1
0,12.196022309676673,0,0,1,0,0,0,0,1,0,0,1,0,0,0,0,1,2
0,12.100712129872347,0,0,0,0,0,1,1,0,0,0,1,0,0,0,0,1,3
0,12.66032791780777,1,1,1,0,0,0,1,0,0,0,0,0,0,1,0,1,1
0,11.119882876860622,0,0,1,0,0,1,0,0,1,0,1,0,0,0,0,1,1
0,12.100712129872347,0,0,1,0,0,0,0,0,0,0,1,0,0,0,0,1,1
0,12.218495165528731,0,0,0,0,0,0,0,1,0,0,1,0,0,0,0,1,1
0,11.630708500626612,0,0,0,0,0,1,1,0,0,0,1,0,0,0,0,1,1
0,12.631340380934517,1,1,0,0,0,1,1,0,0,0,1,0,0,0,0,1,1
0,11.407564949312402,0,0,1,0,0,1,1,0,0,0,1,0,0,0,0,1,1
0,12.506177237980511,0,0,1,0,0,0,0,0,0,0,1,0,0,0,0,1,3
0,12.506177237980511,0,1,1,0,0,1,1,0,0,0,1,0,0,0,0,1,1
0,12.363076394339839,1,0,1,0,0,1,1,0,0,0,1,0,0,0,0,1,1
0,12.049418835484797,1,0,0,0,0,1,1,0,0,0,0,1,0,0,0,1,1
0,12.323855681186558,0,0,0,0,0,0,1,0,0,0,1,0,0,0,0,1,1
0,11.456355113481834,0,0,0,0,0,1,1,0,0,0,1,0,0,0,0,1,3
0,11.669929213779893,0,0,0,0,0,0,0,0,1,0,0,0,0,0,1,0,1
0,12.100712129872347,1,1,1,0,0,0,1,0,0,0,1,0,0,0,0,1,1
0,12.218495165528731,0,1,1,0,0,0,1,0,0,0,1,0,0,0,0,1,1
0,10.896739325546411,0,0,0,1,0,0,0,0,1,0,1,0,0,0,0,0,1
0,11.630708500626612,0,0,1,1,0,0,1,0,0,0,1,0,0,0,0,1,1
0,11.356271654924852,1,1,1,1,0,0,1,0,0,0,1,0,0,0,0,1,1
0,11.813030057420567,1,0,0,0,0,1,1,0,0,0,1,0,0,0,0,1,1
0,12.022750588402635,0,0,1,0,1,0,1,0,0,0,1,0,0,0,0,1,3
0,11.967180737247824,1,0,1,0,0,1,0,0,1,0,1,0,0,0,0,0,1
0,12.419165860990882,0,0,1,0,0,0,0,1,0,0,0,0,0,1,0,0,3
0,12.100712129872347,1,0,1,0,0,1,1,0,0,0,1,0,0,0,0,1,1
0,11.184421397998193,0,1,0,0,0,1,1,0,0,0,1,0,0,0,0,1,1
0,12.218495165528731,0,0,1,0,0,1,0,0,0,1,1,0,0,0,0,0,1
0,12.100712129872347,1,0,0,0,0,0,0,0,1,0,1,0,0,0,0,0,3
0,12.506177237980511,1,1,0,0,0,1,1,0,0,0,1,0,0,0,0,1,3
0,12.218495165528731,0,1,0,0,0,1,1,0,0,0,1,0,0,0,0,1,3
0,12.793859310432293,0,1,0,0,0,1,1,0,0,0,1,0,0,0,0,1,2
0,12.506177237980511,1,1,1,0,0,1,1,0,0,0,1,0,0,0,0,1,3
0,12.506177237980511,0,0,0,0,0,1,1,0,0,0,1,0,0,0,0,1,1
0,11.630708500626612,0,0,1,0,0,1,1,0,0,0,0,1,0,0,0,1,1
0,12.022750588402635,0,1,1,0,0,0,1,0,0,0,1,0,0,0,0,1,1
0,11.967180737247824,0,0,0,0,0,1,0,1,0,0,1,0,0,0,0,0,3
0,12.218495165528731,1,1,0,0,1,0,1,0,0,0,1,0,0,0,0,1,1
0,11.502875129116727,0,0,1,1,0,0,1,0,0,0,1,0,0,0,0,1,1
0,11.99535161421452,0,0,1,1,0,0,1,0,0,0,1,0,0,0,0,1,1
0,12.323855681186558,0,0,1,1,0,0,0,1,0,0,1,0,0,0,0,0,1
0,12.323855681186558,0,1,0,0,0,1,1,0,0,0,1,0,0,0,0,1,1
0,11.184421397998193,0,0,1,0,0,1,0,0,0,1,1,0,0,0,0,0,1
0,11.813030057420567,0,1,1,0,0,1,0,0,0,0,1,0,0,0,0,1,1
0,12.66032791780777,1,0,0,0,0,0,1,0,0,0,1,0,0,0,0,1,3
0,12.028141437037512,0,0,1,1,0,0,1,0,0,0,1,0,0,0,0,1,1
0,12.100712129872347,0,0,1,1,0,0,0,0,0,1,1,0,0,0,0,0,1
0,11.813030057420567,1,0,1,1,0,0,1,0,0,0,1,0,0,0,0,1,1
0,11.502875129116727,0,1,0,0,0,1,1,0,0,0,1,0,0,0,0,1,1
0,12.323855681186558,0,0,1,0,0,0,1,0,0,0,1,0,0,0,0,1,3
0,11.938193200374572,1,1,1,0,0,1,0,1,0,0,0,0,0,0,1,0,3
0,12.955127458028414,0,0,1,0,0,0,0,1,0,0,1,0,0,0,0,0,1
0,11.407564949312402,0,0,1,0,0,1,0,0,0,0,0,0,0,0,1,1,1
0,12.793859310432293,0,1,0,0,0,1,0,0,0,1,1,0,0,0,0,1,3
0,12.419165860990882,0,0,1,1,0,0,0,0,1,0,1,0,0,0,0,0,1
0,12.323855681186558,0,0,1,0,0,1,1,0,0,0,1,0,0,0,0,1,1
0,11.119882876860622,0,0,1,1,0,0,0,0,0,1,1,0,0,0,0,0,1
0,11.630708500626612,0,0,1,1,0,0,0,0,0,1,1,0,0,0,0,0,1
0,11.967180737247824,1,1,0,0,0,1,1,0,0,0,1,0,0,0,0,1,1
0,11.407564949312402,0,0,1,0,0,1,0,1,0,0,1,0,0,0,0,0,1
0,11.407564949312402,0,0,1,0,0,0,1,0,0,0,1,0,0,0,0,1,1
0,12.323855681186558,0,1,1,1,0,0,1,0,0,0,1,0,0,0,0,1,1
0,11.630708500626612,1,1,0,0,0,1,1,0,0,0,1,0,0,0,0,1,1
0,11.630708500626612,0,0,1,1,0,0,1,0,0,0,1,0,0,0,0,1,1
0,12.66032791780777,1,1,1,0,0,0,1,0,0,0,1,0,0,0,0,1,1
0,11.813030057420567,0,1,1,0,0,1,1,0,0,0,0,0,0,0,1,1,1
0,13.017002861746503,1,1,1,0,0,1,1,0,0,0,0,0,1,0,0,1,3
0,11.407564949312402,0,0,1,0,0,1,1,0,0,0,1,0,0,0,0,1,3
0,12.506177237980511,0,0,1,0,0,1,1,0,0,0,1,0,0,0,0,1,1
0,12.100712129872347,0,0,0,0,0,0,1,0,0,0,1,0,0,0,0,1,1
0,11.813030057420567,0,0,1,0,0,0,1,0,0,0,1,0,0,0,0,1,3
0,12.400816722322686,0,0,1,0,0,0,1,0,0,0,0,0,0,0,1,1,1
0,12.323855681186558,1,1,1,0,0,1,0,0,1,0,1,0,0,0,0,0,1
0,11.630708500626612,0,0,1,1,0,0,1,0,0,0,1,0,0,0,0,1,3
0,12.363076394339839,0,0,1,0,0,1,0,0,1,0,1,0,0,0,0,1,1
0,12.100712129872347,0,0,1,0,0,1,0,0,0,0,1,0,0,0,0,1,1
0,11.70766954176274,0,1,1,0,0,1,1,0,0,0,1,0,0,0,0,1,2
0,11.70766954176274,0,1,1,0,1,0,1,0,0,0,1,0,0,0,0,1,1
0,12.506177237980511,1,1,0,0,0,1,1,0,0,0,0,0,0,1,0,1,3
0,12.100712129872347,0,0,1,1,0,0,1,0,0,0,1,0,0,0,0,1,1
0,11.407564949312402,0,0,0,0,1,0,1,0,0,0,1,0,0,0,0,1,1
0,11.813030057420567,0,0,0,0,0,1,1,0,0,0,1,0,0,0,0,1,1
0,12.419165860990882,1,1,1,0,0,1,1,0,0,0,1,0,0,0,0,1,1
0,11.245046019814627,0,0,0,0,0,1,1,0,0,0,1,0,0,0,0,1,1
0,11.356271654924852,1,0,1,0,1,0,0,1,0,0,0,0,0,0,0,0,1
0,12.218495165528731,1,1,1,0,0,1,1,0,0,0,1,0,0,0,0,1,1
0,11.967180737247824,0,0,1,1,0,0,0,0,0,1,1,0,0,0,0,0,1
0,12.323855681186558,0,1,1,0,0,1,1,0,0,0,1,0,0,0,0,1,3
0,12.323855681186558,0,1,1,0,0,0,1,0,0,0,1,0,0,0,0,1,3
0,13.199324418540456,0,1,1,0,0,1,0,0,1,0,1,0,0,0,0,1,3
0,12.554967402149943,0,0,1,0,0,1,1,0,0,0,1,0,0,0,0,1,1
0,11.407564949312402,0,1,1,1,0,0,0,0,0,1,1,0,0,0,0,0,1
0,12.022750588402635,1,0,1,0,0,0,0,1,0,0,1,0,0,0,0,0,1
0,12.437184366493561,0,1,1,0,0,1,1,0,0,0,1,0,0,0,0,1,1
0,11.813030057420567,0,0,1,0,0,0,0,0,1,0,1,0,0,0,0,1,1
0,12.66032791780777,0,1,1,1,0,0,0,0,1,0,1,0,0,0,0,0,1
0,13.017002861746503,1,1,0,0,0,1,1,0,0,0,1,0,0,0,0,1,3
0,12.100712129872347,0,1,1,0,0,0,0,0,0,0,1,0,0,0,0,1,3
0,12.506177237980511,0,0,1,1,0,0,0,0,0,1,1,0,0,0,0,0,1
0,13.112313041550827,1,1,1,0,0,0,1,0,0,0,1,0,0,0,0,1,1
0,12.100712129872347,1,1,1,0,0,1,1,0,0,0,1,0,0,0,0,1,1
0,12.631340380934517,1,1,0,0,0,1,1,0,0,0,1,0,0,0,0,1,1
0,11.967180737247824,0,0,1,0,0,1,0,0,1,0,1,0,0,0,0,0,1
0,12.100712129872347,0,0,0,0,0,0,1,0,0,0,1,0,0,0,0,1,1
0,13.324487561494463,0,0,1,0,1,0,1,0,0,0,1,0,0,0,0,1,1
0,10.491274217438248,0,0,1,0,0,1,1,0,0,0,1,0,0,0,0,1,1
0,11.630708500626612,1,1,1,0,0,1,1,0,0,0,1,0,0,0,0,1,1
0,12.58621994565405,1,1,0,0,0,0,1,0,0,0,1,0,0,0,0,1,1
0,12.100712129872347,0,1,1,0,0,1,1,0,0,0,1,0,0,0,0,1,1
0,12.218495165528731,0,0,1,0,0,1,1,0,0,0,1,0,0,0,0,1,3
0,12.58621994565405,0,0,1,0,0,1,0,1,0,0,1,0,0,0,0,0,3
0,12.66032791780777,1,1,0,0,1,0,1,0,0,0,1,0,0,0,0,1,1
0,11.813030057420567,0,0,0,0,0,1,1,0,0,0,0,0,0,0,1,1,1
0,12.729320789294722,0,0,0,0,0,1,1,0,0,0,1,0,0,0,0,1,1
0,11.967180737247824,0,0,0,0,0,1,0,0,1,0,0,1,0,0,0,1,1
0,12.793859310432293,0,1,1,0,0,0,1,0,0,0,1,0,0,0,0,1,1
0,11.813030057420567,0,1,1,0,0,1,1,0,0,0,1,0,0,0,0,1,3
0,12.506177237980511,1,1,1,0,0,1,1,0,0,0,1,0,0,0,0,1,3
0,11.967180737247824,1,0,1,0,0,1,1,0,0,0,1,0,0,0,0,1,2
0,11.967180737247824,1,1,0,0,0,1,1,0,0,0,0,0,0,0,1,1,2
0,11.845819880243557,0,1,1,1,0,0,1,0,0,0,1,0,0,0,0,1,1
0,11.813030057420567,0,0,0,0,0,1,0,0,1,0,1,0,0,0,0,0,1
0,11.802979721567064,0,1,1,0,0,0,1,0,0,0,1,0,0,0,0,1,1
0,12.965709567358951,1,1,1,0,0,1,1,0,0,0,1,0,0,0,0,1,1
0,11.302204433654575,0,1,1,0,0,1,1,0,0,0,1,0,0,0,0,1,3
0,12.323855681186558,0,1,1,0,0,0,1,0,0,0,1,0,0,0,0,1,3
0,11.744037185933616,0,0,1,0,0,1,1,0,0,0,1,0,0,0,0,1,1
0,11.813030057420567,1,1,0,0,0,1,1,0,0,0,1,0,0,0,0,1,3
0,11.456355113481834,0,0,0,0,0,1,1,0,0,0,1,0,0,0,0,1,1
0,12.100712129872347,0,1,1,0,0,1,0,1,0,0,1,0,0,0,0,1,3
0,11.967180737247824,0,0,0,0,0,1,1,0,0,0,1,0,0,0,0,1,1
0,12.437184366493561,1,1,1,0,0,0,1,0,0,0,1,0,0,0,0,1,3
0,12.218495165528731,0,0,0,0,0,1,1,0,0,0,1,0,0,0,0,1,1
0,11.669929213779893,0,0,0,0,0,1,1,0,0,0,1,0,0,0,0,1,1
0,12.419165860990882,1,0,1,0,0,1,1,0,0,0,1,0,0,0,0,1,2
0,12.100712129872347,0,0,1,1,0,0,0,0,1,0,1,0,0,0,0,0,1
0,12.100712129872347,1,1,1,0,0,0,0,0,0,0,1,0,0,0,0,1,2
0,12.100712129872347,0,0,1,0,0,0,1,0,0,0,1,0,0,0,0,1,1
0,11.967180737247824,0,0,0,0,0,1,0,0,0,0,0,0,0,0,1,1,3
0,11.813030057420567,0,0,0,1,0,0,1,0,0,0,1,0,0,0,0,1,1
0,12.022750588402635,1,1,1,0,0,0,1,0,0,0,1,0,0,0,0,1,3
0,12.218495165528731,1,1,1,1,0,0,1,0,0,0,1,0,0,0,0,1,3
0,11.407564949312402,0,0,0,0,0,1,1,0,0,0,0,0,0,0,1,1,1
0,12.419165860990882,1,1,1,0,0,1,1,0,0,0,1,0,0,0,0,1,3
0,11.502875129116727,1,1,0,0,1,0,1,0,0,0,1,0,0,0,0,1,1
0,12.419165860990882,1,1,0,0,0,0,1,0,0,0,1,0,0,0,0,1,1
0,12.218495165528731,1,1,0,0,1,0,1,0,0,0,1,0,0,0,0,1,3
0,11.407564949312402,0,0,1,0,0,1,1,0,0,0,1,0,0,0,0,1,1
0,11.70766954176274,0,1,1,0,0,1,1,0,0,0,1,0,0,0,0,1,2
0,11.967180737247824,0,1,1,0,0,1,1,0,0,0,1,0,0,0,0,1,2
0,11.70766954176274,0,0,0,0,0,1,1,0,0,0,1,0,0,0,0,1,3
0,11.813030057420567,0,0,1,0,0,1,0,0,1,0,1,0,0,0,0,0,1
0,12.100712129872347,0,0,0,0,1,0,0,0,0,1,1,0,0,0,0,0,1
0,11.877568578558138,0,0,0,0,0,1,0,0,1,0,1,0,0,0,0,0,1
0,11.744037185933616,1,1,1,1,0,0,1,0,0,0,1,0,0,0,0,1,1
0,12.323855681186558,1,1,0,0,0,1,1,0,0,0,1,0,0,0,0,1,1
0,11.967180737247824,1,1,1,0,0,0,1,0,0,0,0,0,0,0,1,1,3
0,11.967180737247824,1,1,1,0,0,0,1,0,0,0,1,0,0,0,0,1,1
0,12.506177237980511,1,1,1,0,0,1,1,0,0,0,1,0,0,0,0,1,1
0,12.47227568630483,0,1,1,0,1,0,1,0,0,0,1,0,0,0,0,1,3
0,11.813030057420567,0,1,1,0,1,0,1,0,0,0,1,0,0,0,0,1,1
0,12.218495165528731,1,1,1,0,0,1,1,0,0,0,1,0,0,0,0,1,1
0,11.967180737247824,0,0,1,1,0,0,1,0,0,0,1,0,0,0,0,1,0
0,11.547326891687561,1,0,1,0,0,1,1,0,0,0,1,0,0,0,0,1,1
0,11.813030057420567,1,1,1,0,0,1,1,0,0,0,1,0,0,0,0,1,1
0,11.813030057420567,1,0,0,0,0,1,1,0,0,0,1,0,0,0,0,1,1
0,11.630708500626612,0,0,0,0,0,1,0,0,1,0,0,0,0,0,1,0,3
0,12.353414483428102,1,0,1,0,0,1,1,0,0,0,1,0,0,0,0,1,1
0,12.218495165528731,0,1,1,0,0,1,0,0,0,1,1,0,0,0,0,0,3
0,12.419165860990882,1,1,1,0,0,1,1,0,0,0,1,0,0,0,0,1,1
0,11.813030057420567,0,0,1,0,1,0,0,0,1,0,0,1,0,0,0,0,3
0,11.813030057420567,0,0,0,0,0,1,1,0,0,0,1,0,0,0,0,1,1
0,11.630708500626612,0,0,1,1,0,0,0,0,0,1,1,0,0,0,0,0,1
0,11.669929213779893,1,1,1,0,0,0,1,0,0,0,1,0,0,0,0,1,1
0,11.630708500626612,1,0,1,0,0,1,1,0,0,0,1,0,0,0,0,1,1
0,11.813030057420567,0,0,1,0,0,1,0,0,1,0,1,0,0,0,0,0,2
0,11.547326891687561,0,0,1,1,0,0,0,0,0,1,1,0,0,0,0,0,1
0,12.66032791780777,0,0,0,0,0,0,0,1,0,0,1,0,0,0,0,0,1
0,12.100712129872347,0,0,0,0,0,0,1,0,0,0,0,0,0,0,1,1,2
0,12.419165860990882,0,0,1,0,0,0,1,0,0,0,1,0,0,0,0,1,2
0,11.813030057420567,1,1,1,0,0,1,1,0,0,0,0,0,0,0,1,1,0
0,11.967180737247824,0,0,1,0,0,1,1,0,0,0,1,0,0,0,0,1,1
0,12.66032791780777,0,0,0,0,0,0,1,0,0,0,1,0,0,0,0,1,3
0,12.419165860990882,0,0,1,0,0,1,1,0,0,0,1,0,0,0,0,1,3
0,11.967180737247824,1,1,1,0,0,1,1,0,0,0,1,0,0,0,0,1,3
0,12.022750588402635,1,1,0,0,0,1,1,0,0,0,1,0,0,0,0,1,1
0,12.419165860990882,0,0,1,1,0,0,0,0,1,0,1,0,0,0,0,0,1
0,12.022750588402635,0,0,1,0,0,1,1,0,0,0,1,0,0,0,0,1,1
0,11.630708500626612,0,0,0,0,0,0,1,0,0,0,1,0,0,0,0,1,1
0,11.41751528016557,1,0,1,1,0,0,1,0,0,0,1,0,0,0,0,1,1
0,11.630708500626612,0,1,0,0,0,1,1,0,0,0,1,0,0,0,0,1,1
0,10.734220396048636,0,1,1,1,0,0,0,0,0,1,1,0,0,0,0,0,1
0,11.744037185933616,1,0,1,0,0,1,0,0,0,0,1,0,0,0,0,1,1
0,11.547326891687561,0,0,1,0,0,1,1,0,0,0,1,0,0,0,0,1,2
0,11.688977408750588,0,0,1,0,0,1,1,0,0,0,1,0,0,0,0,1,1
0,12.218495165528731,1,1,0,0,0,1,1,0,0,0,1,0,0,0,0,1,3
0,11.967180737247824,0,0,1,0,0,1,1,0,0,0,1,0,0,0,0,1,1
0,11.630708500626612,0,1,1,0,0,1,1,0,0,0,1,0,0,0,0,1,3
0,12.66032791780777,0,0,1,0,0,1,1,0,0,0,1,0,0,0,0,1,3
0,12.506177237980511,1,0,0,0,0,0,1,0,0,0,1,0,0,0,0,1,1
0,11.99535161421452,1,0,1,0,0,1,0,0,1,0,1,0,0,0,0,0,1
0,12.506177237980511,1,1,0,0,0,1,1,0,0,0,1,0,0,0,0,1,2
0,11.630708500626612,0,0,1,0,0,1,1,0,0,0,1,0,0,0,0,1,2
0,10.976782033219948,0,0,1,1,0,0,0,0,1,0,1,0,0,0,0,0,1
0,11.456355113481834,0,0,1,0,0,0,0,1,0,0,1,0,0,0,0,0,3
0,12.506177237980511,1,0,1,0,0,1,1,0,0,0,1,0,0,0,0,1,1
0,12.506177237980511,0,1,1,0,0,1,0,1,0,0,1,0,0,0,0,1,3
0,11.502875129116727,0,1,1,1,0,0,0,0,0,0,1,0,0,0,0,1,1
0,12.66032791780777,0,0,1,0,0,1,0,1,0,0,1,0,0,0,0,1,3
0,11.967180737247824,0,1,1,0,0,0,1,0,0,0,1,0,0,0,0,1,3
0,12.100712129872347,0,0,1,0,0,1,1,0,0,0,1,0,0,0,0,1,1
0,12.261980277468469,0,0,0,0,0,0,1,0,0,0,0,0,0,0,1,1,3
0,12.218495165528731,1,0,0,0,0,1,0,0,1,0,1,0,0,0,0,0,1
0,12.100712129872347,0,1,0,1,0,0,0,0,0,1,1,0,0,0,0,0,1
0,11.877568578558138,0,0,0,0,0,1,1,0,0,0,1,0,0,0,0,1,1
0,11.877568578558138,0,0,0,0,0,1,1,0,0,0,1,0,0,0,0,1,1
0,12.506177237980511,0,0,1,0,0,1,0,0,1,0,1,0,0,0,0,0,1
0,11.908340237224891,1,0,0,0,0,1,0,0,1,0,0,1,0,0,0,0,1
0,11.967180737247824,0,1,1,0,0,0,1,0,0,0,1,0,0,0,0,1,3
0,11.407564949312402,0,0,1,0,0,0,1,0,0,0,1,0,0,0,0,1,3
0,11.908340237224891,0,0,1,1,0,0,1,0,0,0,1,0,0,0,0,1,1
0,11.502875129116727,0,0,0,0,0,1,1,0,0,0,0,0,0,0,1,1,1
0,12.66032791780777,0,0,1,1,0,0,0,0,0,1,1,0,0,0,0,0,1
0,11.99535161421452,0,0,1,0,1,0,0,0,0,0,1,0,0,0,0,1,3
0,12.218495165528731,0,0,1,0,0,0,0,0,0,1,1,0,0,0,0,0,1
0,12.323855681186558,0,1,1,0,0,1,0,0,1,0,1,0,0,0,0,0,3
0,13.324487561494463,0,0,1,0,1,0,1,0,0,0,1,0,0,0,0,1,1
0,12.58621994565405,0,0,1,0,0,1,1,0,0,0,1,0,0,0,0,1,3
0,11.119882876860622,0,0,1,1,0,0,0,0,1,0,0,1,0,0,0,0,3
0,11.967180737247824,0,0,0,0,0,1,0,1,0,0,1,0,0,0,0,0,3
0,11.813030057420567,0,0,1,0,1,0,1,0,0,0,1,0,0,0,0,1,1
0,11.119882876860622,0,0,1,0,0,1,1,0,0,0,1,0,0,0,0,1,3
0,11.877568578558138,0,0,1,1,0,0,1,0,0,0,1,0,0,0,0,1,1
0,11.407564949312402,0,1,1,1,0,0,1,0,0,0,1,0,0,0,0,1,1
0,11.630708500626612,0,0,1,0,0,1,0,1,0,0,1,0,0,0,0,0,1
0,11.630708500626612,0,0,1,0,0,1,0,0,1,0,1,0,0,0,0,0,1
0,11.813030057420567,0,0,1,0,0,1,0,0,0,0,1,0,0,0,0,1,1
0,12.793859310432293,1,1,0,0,1,0,1,0,0,0,1,0,0,0,0,1,3
0,11.630708500626612,0,0,1,0,0,1,0,0,1,0,1,0,0,0,0,1,3
0,12.323855681186558,1,0,1,0,0,1,0,0,0,0,1,0,0,0,0,1,1
0,11.630708500626612,0,1,1,1,0,0,1,0,0,0,1,0,0,0,0,1,1
0,12.218495165528731,0,0,1,0,0,1,1,0,0,0,1,0,0,0,0,1,1
0,12.218495165528731,1,1,1,0,1,0,1,0,0,0,1,0,0,0,0,1,1
0,12.323855681186558,1,0,0,0,0,0,1,0,0,0,0,0,0,0,1,1,1
0,11.630708500626612,1,1,1,0,0,1,1,0,0,0,1,0,0,0,0,1,1
0,12.218495165528731,1,1,1,0,0,0,0,0,0,0,1,0,0,0,0,1,1
0,12.702292116906802,1,1,0,0,0,1,1,0,0,0,1,0,0,0,0,1,3
0,11.630708500626612,1,0,1,0,0,0,1,0,0,0,1,0,0,0,0,1,1
0,12.218495165528731,1,1,1,0,0,1,1,0,0,0,1,0,0,0,0,1,1
0,11.813030057420567,1,1,1,0,0,1,1,0,0,0,1,0,0,0,0,1,1
0,11.967180737247824,1,1,1,0,0,1,1,0,0,0,1,0,0,0,0,1,1
0,12.506177237980511,0,0,1,0,0,0,1,0,0,0,1,0,0,0,0,1,3
0,11.967180737247824,1,1,1,0,0,1,1,0,0,0,1,0,0,0,0,1,1
0,12.173032791451973,0,0,1,0,0,1,1,0,0,0,1,0,0,0,0,1,1
0,11.547326891687561,0,1,1,1,0,0,1,0,0,0,1,0,0,0,0,1,1
0,11.407564949312402,1,1,1,0,0,1,1,0,0,0,1,0,0,0,0,1,1
0,12.196022309676673,1,1,0,0,0,0,1,0,0,0,1,0,0,0,0,1,3
0,12.218495165528731,0,0,1,1,0,0,1,0,0,0,1,0,0,0,0,1,1
0,12.323855681186558,1,1,0,0,0,1,1,0,0,0,1,0,0,0,0,1,1
0,11.184421397998193,1,1,1,0,0,1,1,0,0,0,1,0,0,0,0,1,3
0,12.218495165528731,1,1,0,0,0,1,1,0,0,0,1,0,0,0,0,1,1
0,12.419165860990882,0,1,1,0,0,1,0,0,0,0,1,0,0,0,0,1,1
0,11.967180737247824,1,1,0,0,1,0,1,0,0,0,1,0,0,0,0,1,1
0,12.323855681186558,0,0,0,0,1,0,1,0,0,0,0,0,0,0,1,1,1
0,11.630708500626612,1,0,0,0,0,0,0,0,1,0,0,1,0,0,0,0,1
0,13.017002861746503,1,1,1,0,0,0,1,0,0,0,1,0,0,0,0,1,3
0,12.100712129872347,1,1,1,0,0,0,1,0,0,0,1,0,0,0,0,1,1
0,11.589886506106357,0,0,0,0,0,1,0,1,0,0,1,0,0,0,0,1,1
0,13.576618649681926,0,0,1,0,1,0,1,0,0,0,1,0,0,0,0,1,3
0,12.218495165528731,0,1,0,0,0,0,0,0,0,0,0,0,0,0,1,1,1
0,11.967180737247824,1,0,1,0,0,0,1,0,0,0,1,0,0,0,0,1,1
0,11.407564949312402,0,0,1,0,0,1,0,1,0,0,0,0,0,0,1,1,1
0,12.022750588402635,0,0,1,0,0,1,1,0,0,0,1,0,0,0,0,1,1
0,12.323855681186558,1,0,0,0,0,1,0,0,0,0,1,0,0,0,0,1,3
0,11.407564949312402,0,0,1,0,0,1,0,0,1,0,1,0,0,0,0,0,1
0,11.184421397998193,0,0,0,0,0,1,0,0,1,0,1,0,0,0,0,0,1
0,12.323855681186558,1,1,1,0,0,1,0,1,0,0,1,0,0,0,0,2,1
0,11.967180737247824,1,0,1,0,0,1,1,0,0,0,1,0,0,0,0,1,1
0,12.793859310432293,1,0,1,0,0,0,1,0,0,0,1,0,0,0,0,1,1
0,13.017002861746503,1,1,1,0,0,0,0,0,1,0,1,0,0,0,0,0,3
0,12.283033686666302,0,1,0,0,0,1,1,0,0,0,0,1,0,0,0,1,3
0,11.967180737247824,0,0,1,0,0,0,1,0,0,0,1,0,0,0,0,1,1
0,12.66032791780777,1,1,1,0,0,1,1,0,0,0,1,0,0,0,0,1,3
0,12.66032791780777,0,1,1,0,1,0,1,0,0,0,1,0,0,0,0,1,1
0,13.294634598344782,0,0,0,1,0,0,0,0,1,0,0,1,0,0,0,0,3
0,11.813030057420567,0,1,0,0,0,1,1,0,0,0,1,0,0,0,0,1,1
0,12.100712129872347,0,0,1,0,1,0,1,0,0,0,1,0,0,0,0,1,3
0,11.967180737247824,1,1,0,0,0,1,0,1,0,0,1,0,0,0,0,0,1
0,12.363076394339839,0,1,1,0,0,1,0,0,1,0,1,0,0,0,0,1,1
0,11.502875129116727,0,1,1,1,0,0,0,0,0,0,1,0,0,0,0,1,1
0,12.323855681186558,1,1,0,0,0,0,1,0,0,0,1,0,0,0,0,1,1
0,12.58621994565405,1,1,1,0,0,0,1,0,0,0,1,0,0,0,0,1,3
0,12.196022309676673,0,0,0,1,0,0,0,0,0,1,1,0,0,0,0,0,1
0,11.407564949312402,0,0,1,0,0,0,1,0,0,0,1,0,0,0,0,1,1
0,12.419165860990882,0,0,1,1,0,0,1,0,0,0,1,0,0,0,0,1,3
0,11.630708500626612,1,1,0,0,0,1,1,0,0,0,1,0,0,0,0,1,3
0,11.967180737247824,0,0,0,0,0,0,1,0,0,0,0,0,0,0,1,1,2
0,11.630708500626612,0,0,0,0,0,0,1,0,0,0,1,0,0,0,0,1,3
0,13.279367126213993,1,1,1,0,0,0,1,0,0,0,0,0,0,0,1,1,1
0,12.100712129872347,0,1,0,0,0,1,1,0,0,0,1,0,0,0,0,1,1
0,12.323855681186558,0,1,0,0,0,1,0,0,1,0,0,0,0,0,1,1,3
0,12.323855681186558,0,1,1,0,0,0,0,1,0,0,1,0,0,0,0,1,1
0,11.813030057420567,0,0,1,0,0,1,1,0,0,0,1,0,0,0,0,1,1
0,11.630708500626612,1,0,1,0,0,1,0,0,0,0,1,0,0,0,0,1,1
0,11.630708500626612,0,1,1,1,0,0,1,0,0,0,1,0,0,0,0,1,1
0,12.100712129872347,1,1,0,0,0,0,1,0,0,0,0,1,0,0,0,1,1
0,11.630708500626612,0,0,1,0,0,1,1,0,0,0,1,0,0,0,0,1,1
0,11.669929213779893,0,0,0,0,0,1,1,0,0,0,0,1,0,0,0,1,1
0,11.813030057420567,1,1,1,0,0,1,1,0,0,0,1,0,0,0,0,1,1
0,12.506177237980511,1,1,0,0,0,1,1,0,0,0,1,0,0,0,0,1,3
0,11.813030057420567,0,1,0,0,0,0,1,0,0,0,1,0,0,0,0,1,3
0,11.967180737247824,1,1,1,0,0,1,1,0,0,0,1,0,0,0,0,1,1
0,12.400816722322686,0,1,1,0,0,1,0,0,1,0,1,0,0,0,0,0,1
0,11.70766954176274,1,0,0,0,1,0,0,0,1,0,1,0,0,0,0,0,2
0,11.813030057420567,1,0,1,0,0,1,1,0,0,0,1,0,0,0,0,1,1
0,12.323855681186558,1,1,1,0,0,0,0,0,1,0,1,0,0,0,0,0,3
0,12.323855681186558,1,1,1,0,0,1,1,0,0,0,1,0,0,0,0,1,3
0,11.630708500626612,1,1,0,0,1,0,1,0,0,0,1,0,0,0,0,1,1
0,11.967180737247824,0,0,1,1,0,0,1,0,0,0,1,0,0,0,0,1,1
0,12.218495165528731,1,1,0,1,0,0,1,0,0,0,1,0,0,0,0,1,3
0,12.729320789294722,0,0,1,0,0,1,0,0,0,0,1,0,0,0,0,1,1
0,11.547326891687561,0,0,0,0,0,1,1,0,0,0,1,0,0,0,0,1,1
0,11.502875129116727,0,1,1,1,0,0,1,0,0,0,1,0,0,0,0,1,1
0,11.119882876860622,0,1,0,0,1,0,1,0,0,0,1,0,0,0,0,1,1
0,11.630708500626612,0,0,1,1,0,0,1,0,0,0,1,0,0,0,0,1,1
0,12.506177237980511,0,0,1,0,0,1,0,0,1,0,1,0,0,0,0,0,1
0,12.66032791780777,1,0,1,0,0,0,1,0,0,0,1,0,0,0,0,1,1
0,11.813030057420567,0,0,1,1,0,0,1,0,0,0,1,0,0,0,0,1,0
0,12.100712129872347,1,1,0,0,0,1,1,0,0,0,1,0,0,0,0,1,3
0,12.323855681186558,0,0,1,0,0,1,1,0,0,0,1,0,0,0,0,1,2
0,11.356271654924852,0,0,0,0,0,1,0,0,0,0,1,0,0,0,0,1,1
0,11.813030057420567,0,0,1,0,0,1,1,0,0,0,1,0,0,0,0,1,1
0,11.692743891546064,0,1,1,0,0,1,1,0,0,0,1,0,0,0,0,1,3
0,13.112313041550827,1,1,0,0,0,1,1,0,0,0,1,0,0,0,0,1,1
0,11.630708500626612,1,0,1,0,0,1,1,0,0,0,1,0,0,0,0,1,1
0,11.938193200374572,0,0,1,0,0,0,1,0,0,0,1,0,0,0,0,1,3
0,12.283033686666302,0,0,1,0,1,0,1,0,0,0,1,0,0,0,0,1,3
0,12.218495165528731,0,0,1,0,0,1,1,0,0,0,1,0,0,0,0,1,1
0,11.407564949312402,0,0,1,0,1,0,1,0,0,0,1,0,0,0,0,1,1
0,11.589886506106357,0,0,0,0,0,0,1,0,0,0,1,0,0,0,0,1,1
0,12.506177237980511,0,0,1,1,0,0,1,0,0,0,1,0,0,0,0,1,3
0,11.245046019814627,0,0,0,1,0,0,1,0,0,0,1,0,0,0,0,1,1
0,11.147238606870477,0,0,1,0,0,1,1,0,0,0,1,0,0,0,0,1,1
0,11.813030057420567,0,0,1,0,0,0,1,0,0,0,1,0,0,0,0,1,2
0,11.669929213779893,0,0,0,0,0,1,1,0,0,0,1,0,0,0,0,1,1
0,12.218495165528731,0,0,1,0,0,0,0,0,0,0,1,0,0,0,0,1,1
0,11.744037185933616,0,0,1,0,0,1,1,0,0,0,1,0,0,0,0,1,1
0,11.813030057420567,0,0,1,1,0,0,1,0,0,0,1,0,0,0,0,1,1
0,12.100712129872347,1,0,0,0,0,1,0,0,1,0,0,0,0,0,1,0,1
0,12.323855681186558,0,1,1,0,0,0,0,0,1,0,1,0,0,0,0,0,1
0,11.302204433654575,1,0,1,0,0,0,0,0,1,0,1,0,0,0,0,0,3
0,11.967180737247824,0,1,1,0,0,1,0,0,0,0,1,0,0,0,0,1,2
0,11.407564949312402,0,0,0,1,0,0,0,0,0,1,1,0,0,0,0,0,1
0,12.323855681186558,1,1,1,0,0,1,1,0,0,0,1,0,0,0,0,1,1
0,11.967180737247824,0,0,1,1,0,0,1,0,0,0,1,0,0,0,0,1,1
0,11.547326891687561,0,0,1,0,0,1,0,0,1,0,1,0,0,0,0,0,1
0,12.218495165528731,1,1,0,0,0,0,1,0,0,0,1,0,0,0,0,1,3
0,10.54006438160768,0,0,1,1,0,0,1,0,0,0,1,0,0,0,0,1,1
0,11.813030057420567,0,1,0,1,0,0,1,0,0,0,1,0,0,0,0,1,1
0,11.967180737247824,0,0,1,0,0,0,1,0,0,0,1,0,0,0,0,1,1
0,12.100712129872347,1,0,0,0,0,0,0,0,1,0,1,0,0,0,0,0,3
0,11.813030057420567,0,0,1,0,0,1,0,0,1,0,1,0,0,0,0,0,1
0,12.323855681186558,1,0,1,0,0,1,1,0,0,0,1,0,0,0,0,1,3
0,11.967180737247824,0,0,0,0,0,1,1,0,0,0,1,0,0,0,0,1,1
0,12.866179972011919,0,0,1,0,0,0,1,0,0,0,1,0,0,0,0,1,1
0,12.323855681186558,1,1,1,0,0,1,1,0,0,0,1,0,0,0,0,1,1
0,12.323855681186558,1,0,1,0,0,1,0,0,1,0,1,0,0,0,0,0,1
0,11.744037185933616,0,1,0,0,1,0,0,0,1,0,1,0,0,0,0,0,2
0,11.813030057420567,0,1,1,0,0,1,1,0,0,0,1,0,0,0,0,1,1
0,12.218495165528731,0,0,1,0,0,1,1,0,0,0,1,0,0,0,0,1,1
0,12.323855681186558,1,1,1,0,0,1,1,0,0,0,1,0,0,0,0,1,1
0,11.967180737247824,0,0,0,0,0,0,0,1,0,0,0,0,0,0,1,0,3
0,12.218495165528731,1,1,1,0,0,1,1,0,0,0,1,0,0,0,0,1,1
0,12.419165860990882,1,0,0,0,0,1,0,0,1,0,1,0,0,0,0,1,1
0,12.323855681186558,1,1,1,0,0,0,1,0,0,0,1,0,0,0,0,1,3
0,11.630708500626612,1,1,0,0,0,1,1,0,0,0,1,0,0,0,0,1,1
0,11.630708500626612,1,0,1,0,0,1,1,0,0,0,1,0,0,0,0,1,3
0,11.813030057420567,0,0,0,0,1,0,0,0,1,0,1,0,0,0,0,0,1
0,12.240474072247506,0,0,1,0,0,1,0,0,1,0,1,0,0,0,0,0,1
0,12.506177237980511,0,0,1,0,0,0,1,0,0,0,1,0,0,0,0,1,2
0,12.66032791780777,0,1,0,0,0,1,1,0,0,0,1,0,0,0,0,1,1
0,12.66032791780777,0,0,0,0,0,0,1,0,0,0,1,0,0,0,0,1,1
0,11.630708500626612,0,0,1,0,0,1,1,0,0,0,1,0,0,0,0,1,1
0,11.70766954176274,0,1,1,0,0,1,1,0,0,0,1,0,0,0,0,1,3
0,12.323855681186558,0,0,1,0,0,1,0,0,1,0,1,0,0,0,0,1,1
0,12.323855681186558,1,1,0,0,0,1,0,0,0,0,0,0,1,0,0,1,1
0,11.967180737247824,0,1,1,1,0,0,1,0,0,0,1,0,0,0,0,1,1
0,12.323855681186558,0,0,0,0,1,0,1,0,0,0,1,0,0,0,0,1,1
0,11.813030057420567,0,1,1,1,0,0,1,0,0,0,1,0,0,0,0,1,1
0,12.323855681186558,1,1,1,0,1,0,1,0,0,0,1,0,0,0,0,1,1
0,12.506177237980511,0,1,1,0,0,0,0,1,0,0,1,0,0,0,0,0,1
0,12.218495165528731,0,0,1,1,0,0,0,0,0,1,1,0,0,0,0,0,1
0,11.813030057420567,1,0,1,0,0,1,0,0,0,0,1,0,0,0,0,1,1
0,11.630708500626612,0,0,0,1,0,0,0,0,0,0,1,0,0,0,0,1,1
0,11.967180737247824,0,1,1,1,0,0,1,0,0,0,1,0,0,0,0,1,0
0,13.017002861746503,1,1,1,0,0,0,0,1,0,0,1,0,0,0,0,0,3
0,12.218495165528731,0,0,0,0,0,1,0,1,0,0,1,0,0,0,0,0,1
0,13.710150042306449,1,1,1,0,0,0,1,0,0,0,1,0,0,0,0,1,3
0,11.813030057420567,0,1,1,0,0,1,0,0,0,0,1,0,0,0,0,1,1
0,12.729320789294722,1,1,1,0,0,1,1,0,0,0,1,0,0,0,0,1,3
0,11.456355113481834,0,0,0,1,0,0,1,0,0,0,1,0,0,0,0,1,1
0,11.407564949312402,1,1,1,1,0,0,1,0,0,0,1,0,0,0,0,1,1
0,11.967180737247824,1,0,1,0,0,1,1,0,0,0,1,0,0,0,0,1,3
0,12.506177237980511,1,0,1,0,0,0,0,0,1,0,1,0,0,0,0,0,1
0,11.630708500626612,0,0,1,0,0,0,0,0,0,0,1,0,0,0,0,1,1
0,11.813030057420567,1,0,1,0,0,1,0,0,1,0,1,0,0,0,0,0,1
0,12.506177237980511,0,0,1,0,0,0,0,0,1,0,1,0,0,0,0,0,1
0,11.630708500626612,1,1,1,0,0,1,0,0,1,0,1,0,0,0,0,0,1
0,12.323855681186558,1,0,1,0,0,0,1,0,0,0,1,0,0,0,0,1,1
0,10.896739325546411,0,0,1,1,0,0,1,0,0,0,1,0,0,0,0,1,3
0,12.14950229404178,0,0,1,0,0,0,1,0,0,0,1,0,0,0,0,1,1
0,11.813030057420567,0,1,1,0,0,0,1,0,0,0,1,0,0,0,0,1,3
0,11.967180737247824,0,0,1,1,0,0,0,0,1,0,1,0,0,0,0,0,1
0,11.70766954176274,0,0,1,1,0,0,1,0,0,0,1,0,0,0,0,1,1
0,12.100712129872347,1,0,1,0,0,1,1,0,0,0,0,0,0,0,1,1,3
0,11.70766954176274,0,0,1,1,0,0,0,0,0,1,1,0,0,0,0,0,3
0,12.323855681186558,0,1,0,0,0,1,0,0,0,0,1,0,0,0,0,1,3
0,12.100712129872347,0,0,0,0,0,0,0,0,1,0,0,1,0,0,0,0,1
0,12.66032791780777,1,0,1,0,0,1,1,0,0,0,1,0,0,0,0,1,1
0,11.630708500626612,1,1,1,0,0,1,1,0,0,0,1,0,0,0,0,1,1
0,11.407564949312402,0,0,0,0,0,0,1,0,0,0,1,0,0,0,0,1,1
0,11.407564949312402,0,1,1,0,0,0,1,0,0,0,1,0,0,0,0,1,1
0,10.714417768752456,0,0,0,0,0,1,0,1,0,0,1,0,0,0,0,0,1
0,12.100712129872347,1,1,1,0,1,0,1,0,0,0,1,0,0,0,0,1,1
0,11.630708500626612,1,1,1,0,0,1,0,0,1,0,1,0,0,0,0,0,1
0,11.813030057420567,1,1,1,0,1,0,1,0,0,0,1,0,0,0,0,1,3
0,12.793859310432293,1,0,1,0,0,0,1,0,0,0,1,0,0,0,0,1,1
0,11.813030057420567,1,1,1,0,0,1,0,0,0,0,1,0,0,0,0,1,3
0,11.502875129116727,0,1,1,0,0,1,1,0,0,0,1,0,0,0,0,1,1
0,12.506177237980511,1,0,1,0,0,1,0,0,1,0,1,0,0,0,0,0,3
0,11.967180737247824,0,0,1,0,0,1,1,0,0,0,1,0,0,0,0,1,3
0,12.022750588402635,1,0,1,0,0,1,1,0,0,0,1,0,0,0,0,1,1
0,12.100712129872347,1,1,0,0,0,1,1,0,0,0,1,0,0,0,0,1,1
0,12.66032791780777,1,1,0,0,0,1,1,0,0,0,1,0,0,0,0,1,1
0,11.630708500626612,0,0,0,0,0,0,1,0,0,0,1,0,0,0,0,1,1
0,11.589886506106357,1,0,1,0,0,1,1,0,0,0,1,0,0,0,0,1,1
0,12.100712129872347,0,0,1,0,0,0,1,0,0,0,1,0,0,0,0,1,1
0,12.323855681186558,0,0,0,0,0,1,1,0,0,0,1,0,0,0,0,1,1
0,11.407564949312402,1,1,1,0,0,1,1,0,0,0,1,0,0,0,0,1,1
0,12.58621994565405,1,1,1,0,1,0,1,0,0,0,1,0,0,0,0,1,3
0,11.967180737247824,0,0,1,0,0,1,1,0,0,0,1,0,0,0,0,1,1
0,11.813030057420567,0,0,1,0,0,1,0,1,0,0,1,0,0,0,0,0,1
0,12.66032791780777,0,1,0,0,0,0,1,0,0,0,1,0,0,0,0,1,3
0,12.323855681186558,0,0,1,0,0,1,1,0,0,0,1,0,0,0,0,1,3
0,12.71589776896258,0,1,1,0,0,0,1,0,0,0,1,0,0,0,0,1,3
0,12.049418835484797,0,0,1,0,0,1,0,0,1,0,1,0,0,0,0,0,1
0,11.779128505744886,0,0,0,0,0,1,1,0,0,0,1,0,0,0,0,1,1
0,11.630708500626612,0,1,0,0,0,1,1,0,0,0,1,0,0,0,0,1,1
0,12.218495165528731,1,1,0,0,0,0,1,0,0,0,1,0,0,0,0,1,2
0,11.744037185933616,0,0,1,0,0,1,1,0,0,0,1,0,0,0,0,1,3
0,12.323855681186558,1,1,1,0,0,1,1,0,0,0,1,0,0,0,0,1,1
0,11.813030057420567,0,0,1,0,0,1,1,0,0,0,1,0,0,0,0,1,1
0,11.630708500626612,0,0,1,0,0,1,1,0,0,0,1,0,0,0,0,1,1
0,11.568833096908524,0,0,1,0,0,1,1,0,0,0,0,0,0,0,1,1,1
0,11.813030057420567,0,0,0,0,0,1,1,0,0,0,1,0,0,0,0,1,1
0,12.100712129872347,1,1,1,0,1,0,0,0,1,0,1,0,0,0,0,0,3
0,12.793859310432293,1,0,0,0,0,0,1,0,0,0,1,0,0,0,0,1,3
0,11.967180737247824,1,1,0,0,0,0,1,0,0,0,1,0,0,0,0,1,1
0,11.407564949312402,0,0,1,1,0,0,0,0,1,0,1,0,0,0,0,0,1
0,11.630708500626612,0,0,1,0,0,1,0,0,1,0,1,0,0,0,0,0,1
0,12.100712129872347,0,1,1,0,0,1,1,0,0,0,1,0,0,0,0,1,1
0,12.323855681186558,1,1,1,0,0,1,1,0,0,0,1,0,0,0,0,1,1
0,11.119882876860622,0,0,1,1,0,0,0,0,1,0,1,0,0,0,0,0,1
0,12.506177237980511,1,1,1,0,0,1,0,0,1,0,1,0,0,0,0,0,1
0,12.218495165528731,0,0,0,0,0,0,1,0,0,0,1,0,0,0,0,1,3
0,11.877568578558138,0,1,1,0,0,0,0,0,0,0,1,0,0,0,0,1,1
0,12.240474072247506,1,1,1,1,0,0,1,0,0,0,1,0,0,0,0,1,3
0,12.100712129872347,1,1,0,0,0,0,1,0,0,0,0,1,0,0,0,1,1
0,12.218495165528731,1,1,1,0,0,1,1,0,0,0,1,0,0,0,0,1,1
0,12.218495165528731,1,0,0,0,0,1,0,0,0,0,1,0,0,0,0,1,1
0,12.100712129872347,1,0,0,0,0,1,0,0,0,0,0,0,0,0,1,1,2
0,11.744037185933616,0,0,1,0,0,1,1,0,0,0,1,0,0,0,0,1,1
0,11.967180737247824,1,1,1,0,0,1,1,0,0,0,1,0,0,0,0,1,3
0,12.323855681186558,1,1,1,0,1,0,1,0,0,0,1,0,0,0,0,1,1
0,12.218495165528731,0,1,1,0,0,1,0,0,0,1,1,0,0,0,0,0,3
0,11.547326891687561,0,0,0,0,0,1,0,0,1,0,1,0,0,0,0,0,1
0,11.407564949312402,1,0,1,0,0,1,0,1,0,0,1,0,0,0,0,0,1
0,11.813030057420567,1,0,1,0,1,0,1,0,0,0,0,0,0,1,0,1,1
0,11.119882876860622,1,1,0,0,0,1,1,0,0,0,1,0,0,0,0,1,1
0,11.813030057420567,0,0,1,0,1,0,1,0,0,0,1,0,0,0,0,1,2
0,12.854483932248728,0,0,1,0,1,0,0,0,1,0,0,0,0,0,1,1,3
0,12.506177237980511,0,1,1,0,0,1,0,1,0,0,1,0,0,0,0,0,1
0,12.218495165528731,1,0,0,0,0,1,0,1,0,0,1,0,0,0,0,0,1
0,12.58621994565405,1,1,0,0,0,1,0,1,0,0,1,0,0,0,0,1,1
0,12.323855681186558,0,0,0,1,0,0,0,1,0,0,1,0,0,0,0,0,3
0,11.813030057420567,0,0,0,0,0,0,1,0,0,0,0,0,0,0,1,1,1
0,11.245046019814627,0,0,0,1,0,0,1,0,0,0,1,0,0,0,0,1,1
0,12.100712129872347,1,0,0,0,0,1,1,0,0,0,1,0,0,0,0,1,1
0,13.017002861746503,1,1,1,0,0,0,1,0,0,0,1,0,0,0,0,1,1
0,11.407564949312402,0,0,1,1,0,0,0,0,0,0,1,0,0,0,0,1,1
0,11.967180737247824,0,0,1,0,0,1,1,0,0,0,1,0,0,0,0,1,1
0,12.631340380934517,0,0,0,0,1,0,1,0,0,0,1,0,0,0,0,1,3
0,11.407564949312402,0,0,0,1,0,0,0,0,1,0,0,1,0,0,0,0,1
0,11.813030057420567,0,1,1,0,0,1,0,1,0,0,1,0,0,0,0,0,1
0,12.173032791451973,0,1,0,0,0,1,1,0,0,0,1,0,0,0,0,1,1
0,12.100712129872347,1,0,1,0,0,1,1,0,0,0,1,0,0,0,0,1,1
0,12.506177237980511,0,0,1,1,0,0,1,0,0,0,1,0,0,0,0,1,3
0,11.630708500626612,0,0,1,1,0,0,1,0,0,0,1,0,0,0,0,1,1
0,12.218495165528731,1,0,1,0,0,1,1,0,0,0,1,0,0,0,0,1,1
0,12.100712129872347,0,0,1,0,0,0,0,0,0,1,1,0,0,0,0,0,1
0,11.845819880243557,0,0,1,0,0,1,1,0,0,0,1,0,0,0,0,1,1
0,11.813030057420567,1,1,0,0,0,1,1,0,0,0,0,0,0,0,1,1,1
0,12.218495165528731,1,1,0,0,0,1,1,0,0,0,1,0,0,0,0,1,1
0,11.630708500626612,0,1,1,0,0,1,1,0,0,0,1,0,0,0,0,1,3
0,11.744037185933616,1,1,1,1,0,0,0,1,0,0,1,0,0,0,0,0,1
0,12.173032791451973,0,0,1,1,0,0,0,0,0,1,1,0,0,0,0,0,2
0,11.630708500626612,0,1,1,0,0,1,1,0,0,0,1,0,0,0,0,1,1
0,12.729320789294722,1,1,1,0,0,1,1,0,0,0,1,0,0,0,0,1,3
0,11.967180737247824,0,0,1,0,0,1,0,0,1,0,1,0,0,0,0,0,3
0,12.173032791451973,1,1,0,0,0,1,1,0,0,0,1,0,0,0,0,1,3
0,12.100712129872347,0,0,1,0,0,0,1,0,0,0,1,0,0,0,0,1,1
0,12.66032791780777,0,1,0,0,0,0,1,0,0,0,1,0,0,0,0,1,3
0,12.100712129872347,1,1,1,1,0,0,1,0,0,0,1,0,0,0,0,1,3
0,11.407564949312402,0,0,0,1,0,0,0,0,1,0,0,1,0,0,0,0,1
0,12.100712129872347,1,1,0,0,0,1,1,0,0,0,0,0,0,0,1,1,3
0,11.630708500626612,0,0,1,0,0,1,0,0,0,0,1,0,0,0,0,1,3
0,11.967180737247824,1,1,0,0,0,1,1,0,0,0,0,1,0,0,0,1,1
0,11.813030057420567,0,0,1,0,0,1,1,0,0,0,1,0,0,0,0,1,1
0,12.66032791780777,1,1,0,0,0,1,1,0,0,0,1,0,0,0,0,1,3
0,11.630708500626612,0,1,1,0,0,1,0,0,0,1,1,0,0,0,0,0,1
0,11.813030057420567,0,0,1,1,0,0,1,0,0,0,1,0,0,0,0,1,1
0,11.502875129116727,1,1,0,1,0,0,1,0,0,0,1,0,0,0,0,1,1
0,13.710150042306449,1,1,1,0,0,0,1,0,0,0,1,0,0,0,0,1,3
0,12.506177237980511,1,1,0,0,0,0,0,0,1,0,1,0,0,0,0,0,3
0,11.630708500626612,0,0,0,0,0,0,1,0,0,0,0,0,0,0,1,1,3
0,12.100712129872347,0,0,0,0,1,0,1,0,0,0,1,0,0,0,0,1,3
0,11.861820221589998,0,0,1,1,0,0,1,0,0,0,1,0,0,0,0,1,3
0,12.100712129872347,0,0,1,0,0,1,1,0,0,0,1,0,0,0,0,1,3
0,11.630708500626612,0,0,1,0,1,0,0,0,0,0,1,0,0,0,0,1,1
0,12.323855681186558,0,0,1,0,0,1,1,0,0,0,0,0,0,0,1,1,1
0,12.506177237980511,0,0,0,0,0,1,0,0,0,0,1,0,0,0,0,1,2
0,12.218495165528731,1,1,0,0,0,1,1,0,0,0,1,0,0,0,0,1,3
0,11.813030057420567,1,1,1,0,0,1,1,0,0,0,0,0,1,0,0,1,1
0,12.58621994565405,1,1,1,0,0,0,1,0,0,0,1,0,0,0,0,1,1
0,12.218495165528731,0,0,1,0,0,1,0,0,0,0,1,0,0,0,0,1,1
0,11.502875129116727,0,1,0,0,0,1,1,0,0,0,1,0,0,0,0,1,1
0,12.218495165528731,1,0,1,0,0,0,1,0,0,0,1,0,0,0,0,1,1
0,12.631340380934517,0,0,1,0,0,0,1,0,0,0,1,0,0,0,0,1,3
0,11.908340237224891,0,0,0,1,0,0,0,0,0,1,1,0,0,0,0,0,1
0,11.813030057420567,0,0,0,0,0,1,1,0,0,0,1,0,0,0,0,1,3
0,12.100712129872347,1,1,0,0,0,0,1,0,0,0,0,1,0,0,0,1,1
0,12.100712129872347,0,0,1,1,0,0,1,0,0,0,1,0,0,0,0,1,3
0,11.967180737247824,0,0,1,1,0,0,0,0,0,1,1,0,0,0,0,0,1
0,12.419165860990882,0,0,1,0,0,0,0,0,1,0,1,0,0,0,0,0,3
0,11.630708500626612,0,0,0,0,0,0,0,0,1,0,0,0,0,0,1,0,3
0,12.100712129872347,1,1,1,0,0,1,1,0,0,0,1,0,0,0,0,1,1
0,11.547326891687561,0,0,1,0,0,1,1,0,0,0,1,0,0,0,0,1,1
0,12.196022309676673,0,0,0,1,0,0,0,0,0,1,1,0,0,0,0,0,1
0,11.813030057420567,0,1,1,0,0,0,1,0,0,0,1,0,0,0,0,1,3
0,11.119882876860622,1,0,0,0,1,0,1,0,0,0,1,0,0,0,0,1,1
0,12.218495165528731,1,1,1,0,0,1,1,0,0,0,1,0,0,0,0,1,1
0,12.66032791780777,0,1,0,0,0,0,0,0,0,0,1,0,0,0,0,1,1
0,12.58621994565405,0,0,1,0,0,1,1,0,0,0,1,0,0,0,0,1,3
0,11.908340237224891,0,1,1,0,0,0,1,0,0,0,0,0,1,0,0,1,1
0,12.218495165528731,0,1,1,0,0,1,0,0,0,1,1,0,0,0,0,0,3
0,12.100712129872347,1,1,1,0,0,1,1,0,0,0,1,0,0,0,0,1,1
0,11.407564949312402,0,0,1,0,0,1,1,0,0,0,1,0,0,0,0,1,1
0,11.813030057420567,1,1,1,0,0,1,1,0,0,0,1,0,0,0,0,1,1
0,11.813030057420567,0,0,1,0,1,0,0,0,1,0,0,0,0,0,1,0,2
0,12.47227568630483,0,0,0,0,0,0,1,0,0,0,1,0,0,0,0,1,2
0,11.813030057420567,0,0,1,0,0,1,1,0,0,0,1,0,0,0,0,1,3
0,11.630708500626612,0,0,1,0,0,1,1,0,0,0,1,0,0,0,0,1,1
0,11.813030057420567,1,1,0,0,0,1,1,0,0,0,1,0,0,0,0,1,1
0,11.813030057420567,0,0,1,0,0,1,0,0,0,1,1,0,0,0,0,0,1
0,12.793859310432293,1,1,1,1,0,0,1,0,0,0,1,0,0,0,0,1,1
0,12.049418835484797,0,0,0,0,0,1,1,0,0,0,1,0,0,0,0,1,1
0,10.60905725309463,0,0,0,0,1,0,1,0,0,0,0,0,0,1,0,1,1
0,11.779128505744886,0,0,0,0,0,1,0,0,0,0,1,0,0,0,0,1,1
0,12.631340380934517,0,0,0,0,0,0,1,0,0,0,1,0,0,0,0,1,3
0,12.218495165528731,0,1,0,0,0,0,1,0,0,0,0,1,0,0,0,1,1
0,11.630708500626612,0,0,1,0,0,1,1,0,0,0,1,0,0,0,0,1,1
0,11.630708500626612,1,1,0,0,0,1,1,0,0,0,1,0,0,0,0,1,1
0,11.407564949312402,0,0,0,0,0,1,1,0,0,0,1,0,0,0,0,1,1
0,11.938193200374572,0,1,0,1,0,0,0,0,0,1,1,0,0,0,0,0,1
0,11.813030057420567,0,1,0,0,0,1,1,0,0,0,0,0,0,1,0,1,3
0,12.100712129872347,0,0,1,1,0,0,0,0,1,0,1,0,0,0,0,0,1
0,11.630708500626612,0,0,0,1,0,0,1,0,0,0,1,0,0,0,0,1,1
0,11.407564949312402,0,0,0,0,0,1,0,1,0,0,1,0,0,0,0,0,3
0,11.967180737247824,1,1,1,0,0,0,1,0,0,0,1,0,0,0,0,1,3
0,12.419165860990882,1,1,1,0,1,0,0,0,0,0,1,0,0,0,0,1,1
0,11.630708500626612,1,0,0,1,0,0,1,0,0,0,1,0,0,0,0,1,1
0,11.119882876860622,0,1,1,0,0,1,1,0,0,0,1,0,0,0,0,1,1
0,12.793859310432293,1,0,1,0,1,0,1,0,0,0,1,0,0,0,0,1,3
0,12.793859310432293,1,1,0,0,0,0,1,0,0,0,1,0,0,0,0,1,1
0,12.66032791780777,0,0,1,0,0,0,1,0,0,0,1,0,0,0,0,1,3
0,11.967180737247824,0,0,1,0,0,1,1,0,0,0,1,0,0,0,0,1,1
0,11.813030057420567,1,0,1,1,0,0,0,0,0,0,1,0,0,0,0,1,1
0,12.022750588402635,0,0,1,0,0,1,1,0,0,0,1,0,0,0,0,1,2
0,12.100712129872347,1,0,0,0,0,1,1,0,0,0,1,0,0,0,0,1,1
0,12.323855681186558,1,0,1,0,0,1,1,0,0,0,1,0,0,0,0,1,1
0,11.813030057420567,0,0,0,0,0,0,0,0,1,0,1,0,0,0,0,0,2
0,11.813030057420567,0,0,0,0,0,0,0,1,0,0,1,0,0,0,0,1,1
0,12.173032791451973,0,0,1,0,0,1,0,0,1,0,1,0,0,0,0,0,1
0,12.419165860990882,1,1,1,0,1,0,0,0,0,0,1,0,0,0,0,1,1
0,12.66032791780777,0,1,1,0,0,1,1,0,0,0,1,0,0,0,0,1,3
0,12.911642346088676,1,1,1,0,0,1,1,0,0,0,1,0,0,0,0,1,3
0,12.911642346088676,0,1,0,0,0,1,1,0,0,0,0,0,0,1,0,1,1
0,11.407564949312402,0,0,0,0,0,1,1,0,0,0,0,0,0,0,1,1,1
0,12.506177237980511,1,0,1,0,0,1,1,0,0,0,1,0,0,0,0,1,1
0,12.400816722322686,0,1,1,0,0,1,0,0,1,0,1,0,0,0,0,0,1
0,12.100712129872347,1,1,1,0,0,0,1,0,0,0,1,0,0,0,0,1,1
0,11.630708500626612,1,0,1,0,0,1,1,0,0,0,1,0,0,0,0,1,1
0,12.729320789294722,1,1,1,0,0,1,1,0,0,0,1,0,0,0,0,1,3
0,11.813030057420567,0,0,0,1,0,0,1,0,0,0,0,1,0,0,0,1,3
0,11.669929213779893,0,0,1,0,0,1,1,0,0,0,1,0,0,0,0,1,1
0,12.218495165528731,0,0,0,0,0,1,1,0,0,0,0,0,0,0,1,1,1
0,12.506177237980511,0,1,1,1,0,0,1,0,0,0,1,0,0,0,0,1,1
0,12.218495165528731,1,0,1,0,0,0,1,0,0,0,1,0,0,0,0,1,1
0,11.813030057420567,0,0,0,0,0,1,0,0,1,0,1,0,0,0,0,0,1
0,12.283033686666302,0,0,1,0,0,1,1,0,0,0,1,0,0,0,0,1,1
0,11.813030057420567,0,0,1,0,0,1,0,0,0,1,1,0,0,0,0,0,1
0,12.323855681186558,0,0,0,0,0,0,1,0,0,0,1,0,0,0,0,1,1
0,11.302204433654575,1,1,0,0,0,1,1,0,0,0,1,0,0,0,0,1,1
0,12.100712129872347,1,1,1,0,0,1,0,0,0,0,1,0,0,0,0,1,1
0,12.58621994565405,1,1,0,1,0,0,1,0,0,0,1,0,0,0,0,1,1
0,12.323855681186558,1,0,0,0,0,0,1,0,0,0,0,0,0,0,1,1,3
0,11.967180737247824,0,0,1,0,0,1,1,0,0,0,1,0,0,0,0,1,1
0,11.967180737247824,0,0,1,0,0,0,0,0,1,0,1,0,0,0,0,0,1
0,12.022750588402635,1,1,0,0,0,0,1,0,0,0,1,0,0,0,0,1,3
0,13.006952525893,1,0,1,0,0,0,0,1,0,0,1,0,0,0,0,0,3
0,12.100712129872347,0,1,1,0,0,1,0,0,0,1,1,0,0,0,0,0,1
0,10.714417768752456,0,0,1,1,0,0,1,0,0,0,1,0,0,0,0,1,1
0,12.66032791780777,0,0,1,0,1,0,0,0,0,0,1,0,0,0,0,1,1
0,13.017002861746503,1,0,1,0,0,0,1,0,0,0,1,0,0,0,0,1,3
0,12.100712129872347,0,1,1,0,0,0,0,0,1,0,1,0,0,0,0,0,3
0,11.407564949312402,0,0,0,0,0,1,1,0,0,0,1,0,0,0,0,1,1
0,12.022750588402635,0,0,1,1,0,0,1,0,0,0,1,0,0,0,0,1,1
0,11.908340237224891,1,1,1,0,0,1,1,0,0,0,1,0,0,0,0,1,1
0,11.813030057420567,0,1,0,0,0,1,1,0,0,0,1,0,0,0,0,1,1
0,11.877568578558138,1,1,1,0,0,0,1,0,0,0,1,0,0,0,0,1,3
0,11.813030057420567,1,0,0,1,0,0,1,0,0,0,1,0,0,0,0,1,1
0,12.793859310432293,1,0,0,0,0,1,1,0,0,0,1,0,0,0,0,1,1
0,11.407564949312402,0,0,0,0,0,1,0,0,0,0,1,0,0,0,0,1,1
0,11.967180737247824,1,0,0,0,0,1,1,0,0,0,1,0,0,0,0,1,1
0,11.813030057420567,1,0,1,0,0,1,1,0,0,0,1,0,0,0,0,1,1
0,12.58621994565405,0,0,0,0,0,1,1,0,0,0,1,0,0,0,0,1,2
0,11.630708500626612,0,0,0,0,1,0,0,0,0,1,1,0,0,0,0,0,1
0,12.283033686666302,0,0,1,0,0,1,0,0,1,0,1,0,0,0,0,0,1
0,11.744037185933616,1,1,0,0,0,0,1,0,0,0,1,0,0,0,0,1,2
0,11.813030057420567,1,1,0,0,0,1,1,0,0,0,1,0,0,0,0,1,1
0,12.14950229404178,0,0,1,1,0,0,0,0,0,1,1,0,0,0,0,0,2
0,12.729320789294722,1,0,1,0,0,1,0,0,1,0,1,0,0,0,0,0,1
0,10.704367432898955,0,0,1,1,0,0,1,0,0,0,1,0,0,0,0,1,1
0,11.630708500626612,0,1,1,0,0,1,0,0,0,0,1,0,0,0,0,1,1
0,11.967180737247824,0,0,1,0,0,1,1,0,0,0,1,0,0,0,0,1,1
0,11.630708500626612,1,0,1,0,0,1,0,0,0,0,1,0,0,0,0,1,1
0,11.813030057420567,0,0,1,0,0,1,1,0,0,0,1,0,0,0,0,1,1
0,11.813030057420567,1,1,1,0,0,1,1,0,0,0,1,0,0,0,0,1,1
0,12.616525295149378,1,1,1,0,0,1,1,0,0,0,0,0,0,1,0,1,1
0,11.630708500626612,0,1,0,0,0,1,1,0,0,0,1,0,0,0,0,1,1
0,11.407564949312402,1,1,0,0,0,1,0,0,1,0,1,0,0,0,0,0,1
0,11.119882876860622,0,0,0,1,0,0,0,1,0,0,1,0,0,0,0,0,1
0,12.58621994565405,1,1,1,0,0,1,1,0,0,0,1,0,0,0,0,1,3
0,12.66032791780777,0,1,1,0,0,0,1,0,0,0,0,0,0,0,1,1,3
0,11.669929213779893,0,0,1,0,0,1,1,0,0,0,1,0,0,0,0,1,1
0,11.967180737247824,0,0,1,1,0,0,0,0,1,0,1,0,0,0,0,0,1
0,11.119882876860622,0,1,0,0,0,1,1,0,0,0,1,0,0,0,0,1,1
0,12.14950229404178,1,1,1,1,0,0,0,1,0,0,1,0,0,0,0,0,1
0,12.218495165528731,0,0,0,0,0,1,0,0,0,0,1,0,0,0,0,1,3
0,11.967180737247824,1,0,1,0,0,0,1,0,0,0,1,0,0,0,0,1,1
0,12.323855681186558,0,1,0,0,0,1,0,0,0,0,1,0,0,0,0,1,3
0,11.630708500626612,0,0,0,0,0,1,1,0,0,0,1,0,0,0,0,1,1
0,12.218495165528731,0,1,1,0,0,0,1,0,0,0,1,0,0,0,0,1,1
0,12.100712129872347,1,0,0,0,0,0,1,0,0,0,1,0,0,0,0,1,1
0,12.323855681186558,0,0,1,0,0,0,1,0,0,0,1,0,0,0,0,1,3
0,11.967180737247824,0,0,1,0,0,0,1,0,0,0,1,0,0,0,0,1,3
0,12.100712129872347,1,0,0,0,0,1,1,0,0,0,1,0,0,0,0,1,3
0,11.630708500626612,0,0,0,0,0,1,0,0,0,0,1,0,0,0,0,1,1
0,11.302204433654575,0,0,1,0,0,1,1,0,0,0,1,0,0,0,0,1,1
0,11.407564949312402,0,1,1,0,1,0,1,0,0,0,1,0,0,0,0,1,1
0,12.100712129872347,0,0,1,0,0,0,1,0,0,0,1,0,0,0,0,1,3
0,11.456355113481834,0,0,1,1,0,0,0,0,0,1,1,0,0,0,0,0,1
0,12.100712129872347,0,0,1,0,0,0,1,0,0,0,1,0,0,0,0,1,3
0,13.017002861746503,1,1,1,1,0,0,1,0,0,0,1,0,0,0,0,1,3
0,12.66032791780777,1,1,0,0,0,0,0,0,0,0,1,0,0,0,0,1,1
0,10.896739325546411,0,0,1,0,0,1,1,0,0,0,1,0,0,0,0,1,1
0,11.630708500626612,0,0,1,1,0,0,1,0,0,0,1,0,0,0,0,1,1
0,11.967180737247824,0,0,1,0,0,1,1,0,0,0,1,0,0,0,0,1,1
0,12.100712129872347,0,0,1,0,0,0,0,0,0,0,1,0,0,0,0,1,1
0,12.323855681186558,0,0,0,0,0,1,1,0,0,0,1,0,0,0,0,1,1
0,12.793859310432293,1,1,1,0,0,1,1,0,0,0,1,0,0,0,0,1,3
0,11.630708500626612,0,0,1,1,0,0,0,0,0,1,1,0,0,0,0,0,1
0,12.58621994565405,1,1,1,0,0,0,1,0,0,0,1,0,0,0,0,1,3
0,12.793859310432293,1,0,0,0,0,1,0,0,0,0,1,0,0,0,0,1,1
0,12.323855681186558,1,1,1,0,0,1,0,0,1,0,0,0,0,0,1,0,3
0,11.744037185933616,0,0,1,0,0,0,1,0,0,0,1,0,0,0,0,1,1
0,11.813030057420567,0,0,0,1,0,0,0,0,0,1,0,1,0,0,0,0,1
0,12.506177237980511,0,0,0,0,0,1,1,0,0,0,1,0,0,0,0,1,1
0,11.967180737247824,0,0,1,0,1,0,0,0,0,1,1,0,0,0,0,0,1
0,12.283033686666302,0,1,1,0,0,1,1,0,0,0,1,0,0,0,0,1,1
0,12.729320789294722,1,1,1,0,0,1,1,0,0,0,1,0,0,0,0,1,2
0,12.323855681186558,1,1,1,0,0,1,1,0,0,0,0,0,0,1,0,1,3
0,11.589886506106357,0,0,1,0,0,1,1,0,0,0,1,0,0,0,0,1,1
0,12.323855681186558,1,1,0,0,0,0,1,0,0,0,1,0,0,0,0,1,1
0,12.100712129872347,0,0,0,0,0,1,1,0,0,0,1,0,0,0,0,1,2
0,12.100712129872347,0,0,1,0,0,1,1,0,0,0,1,0,0,0,0,1,1
0,11.813030057420567,0,1,1,0,0,1,1,0,0,0,1,0,0,0,0,1,3
0,12.100712129872347,0,1,0,0,0,1,1,0,0,0,0,0,0,0,1,1,3
0,11.630708500626612,0,0,0,0,0,1,1,0,0,0,1,0,0,0,0,1,1
0,12.506177237980511,0,0,0,0,1,0,0,1,0,0,1,0,0,0,0,0,1
0,12.506177237980511,0,1,1,0,0,1,1,0,0,0,1,0,0,0,0,1,1
0,12.506177237980511,0,0,1,0,0,1,1,0,0,0,1,0,0,0,0,1,1
0,11.813030057420567,0,0,0,0,0,1,1,0,0,0,1,0,0,0,0,1,1
0,12.768541502448002,1,1,0,0,0,0,1,0,0,0,1,0,0,0,0,1,1
0,12.218495165528731,1,1,0,0,0,0,1,0,0,0,1,0,0,0,0,1,1
0,12.14950229404178,0,0,1,1,0,0,0,0,0,1,1,0,0,0,0,0,1
0,12.506177237980511,1,1,1,0,0,1,0,1,0,0,1,0,0,0,0,0,1
0,11.877568578558138,0,1,1,1,0,0,0,0,0,0,1,0,0,0,0,1,1
0,11.119882876860622,0,0,0,0,0,1,1,0,0,0,1,0,0,0,0,1,1
0,12.419165860990882,0,0,1,0,0,1,1,0,0,0,1,0,0,0,0,1,3
0,11.967180737247824,1,1,0,0,0,1,1,0,0,0,1,0,0,0,0,1,3
0,11.967180737247824,0,0,1,0,1,0,0,1,0,0,1,0,0,0,0,0,3
0,11.967180737247824,1,0,1,0,0,1,0,0,1,0,1,0,0,0,0,0,1
0,12.100712129872347,1,0,0,0,0,1,0,0,1,0,1,0,0,0,0,1,1
0,12.66032791780777,0,1,1,0,0,0,1,0,0,0,1,0,0,0,0,1,1
0,11.502875129116727,0,0,0,0,0,1,1,0,0,0,1,0,0,0,0,1,3
0,12.768541502448002,0,0,0,0,0,0,1,0,0,0,1,0,0,0,0,1,3
0,12.075394321888057,0,0,0,0,0,1,0,0,1,0,1,0,0,0,0,0,1
0,12.631340380934517,1,1,0,0,0,1,1,0,0,0,1,0,0,0,0,1,1
0,11.967180737247824,0,0,0,0,0,1,0,0,0,0,0,0,0,0,1,1,1
0,10.976782033219948,0,0,0,1,0,0,1,0,0,0,1,0,0,0,0,1,1
0,12.58621994565405,1,1,1,0,0,1,1,0,0,0,0,0,0,1,0,1,1
0,12.022750588402635,0,0,0,0,0,1,0,1,0,0,1,0,0,0,0,0,3
0,12.323855681186558,1,1,1,0,0,1,0,1,0,0,1,0,0,0,0,0,1
0,12.419165860990882,0,1,1,0,0,1,0,0,0,0,1,0,0,0,0,1,1
0,12.14950229404178,1,1,1,0,0,1,1,0,0,0,1,0,0,0,0,1,3
0,12.419165860990882,1,1,0,0,0,1,0,0,1,0,1,0,0,0,0,0,1
0,11.407564949312402,0,0,1,0,0,1,1,0,0,0,1,0,0,0,0,1,1
0,11.908340237224891,0,0,1,1,0,0,1,0,0,0,1,0,0,0,0,1,1
0,12.100712129872347,1,1,0,0,0,1,1,0,0,0,1,0,0,0,0,1,1
0,12.100712129872347,0,1,1,0,0,0,1,0,0,0,1,0,0,0,0,1,1
0,11.710960417183674,0,0,1,1,0,0,1,0,0,0,1,0,0,0,0,1,1
0,11.630708500626612,0,0,0,0,0,1,1,0,0,0,0,1,0,0,0,1,1
0,12.100712129872347,0,1,1,0,0,0,1,0,0,0,1,0,0,0,0,1,3
0,12.323855681186558,0,1,0,0,0,0,1,0,0,0,1,0,0,0,0,1,1
0,13.017002861746503,1,1,1,0,0,0,1,0,0,0,1,0,0,0,0,1,1
0,12.323855681186558,0,1,1,0,0,1,1,0,0,0,1,0,0,0,0,1,3
0,11.813030057420567,0,0,1,0,0,1,1,0,0,0,1,0,0,0,0,1,1
0,11.967180737247824,0,0,1,0,0,1,1,0,0,0,1,0,0,0,0,1,3
0,12.382124589310534,0,1,1,0,0,1,1,0,0,0,1,0,0,0,0,1,3
0,12.47227568630483,1,1,0,0,0,0,0,0,0,0,0,0,0,0,1,1,2
0,12.100712129872347,0,1,1,0,0,0,1,0,0,0,1,0,0,0,0,1,1
0,12.323855681186558,1,0,0,0,0,0,1,0,0,0,0,0,0,0,1,1,3
0,11.813030057420567,1,0,1,0,0,1,1,0,0,0,1,0,0,0,0,1,3
0,11.630708500626612,0,0,1,0,0,0,0,0,1,0,1,0,0,0,0,0,1
0,12.100712129872347,1,1,1,0,0,1,1,0,0,0,1,0,0,0,0,1,2
0,12.049418835484797,0,1,0,0,0,1,0,0,0,0,1,0,0,0,0,1,1
0,11.813030057420567,1,0,1,0,0,1,0,0,1,0,0,0,0,0,1,0,1
0,12.218495165528731,1,0,0,0,0,1,1,0,0,0,0,0,0,0,1,1,1
0,10.426735696300677,0,0,0,1,0,0,1,0,0,0,1,0,0,0,0,1,3
0,11.813030057420567,0,0,1,1,0,0,0,0,0,1,1,0,0,0,0,0,1
0,11.813030057420567,0,0,1,1,0,0,0,0,1,0,1,0,0,0,0,0,3
0,11.967180737247824,1,1,0,0,0,1,1,0,0,0,1,0,0,0,0,1,3
0,11.119882876860622,0,0,1,0,0,0,1,0,0,0,1,0,0,0,0,1,1
0,11.813030057420567,1,1,1,0,0,1,1,0,0,0,1,0,0,0,0,1,1
0,11.938193200374572,0,1,0,1,0,0,0,0,0,1,1,0,0,0,0,0,1
0,12.100712129872347,0,0,1,0,0,1,0,1,0,0,1,0,0,0,0,1,3
0,12.100712129872347,1,1,0,0,0,1,0,0,1,0,1,0,0,0,0,0,1
0,11.70766954176274,1,1,0,0,0,1,1,0,0,0,1,0,0,0,0,1,1
0,11.630708500626612,1,0,0,0,0,1,0,0,0,0,0,0,0,1,0,1,1
0,12.506177237980511,1,1,0,0,0,0,0,0,0,0,1,0,0,0,0,1,1
0,12.793859310432293,1,1,1,0,0,0,1,0,0,0,1,0,0,0,0,1,1
0,11.662207167685983,1,1,1,0,0,1,1,0,0,0,1,0,0,0,0,1,1
0,12.323855681186558,1,1,1,1,0,0,1,0,0,0,1,0,0,0,0,1,3
0,13.017002861746503,1,1,1,1,0,0,1,0,0,0,1,0,0,0,0,1,3
0,12.323855681186558,1,0,0,0,0,1,1,0,0,0,1,0,0,0,0,1,1
0,12.911642346088676,0,0,1,0,1,0,1,0,0,0,1,0,0,0,0,1,3
0,11.630708500626612,0,1,0,0,1,0,1,0,0,0,1,0,0,0,0,1,1
0,11.967180737247824,0,0,0,0,0,1,0,0,1,0,0,0,1,0,0,0,3
0,12.218495165528731,0,0,1,0,0,1,1,0,0,0,1,0,0,0,0,1,3
0,12.601487417784837,1,1,1,0,0,1,1,0,0,0,1,0,0,0,0,1,1
0,12.66032791780777,0,1,0,0,0,1,1,0,0,0,1,0,0,0,0,1,3
0,12.218495165528731,1,0,1,0,0,1,0,0,1,0,1,0,0,0,0,0,1
0,12.100712129872347,1,0,0,0,0,1,1,0,0,0,0,0,0,0,1,1,3
0,12.218495165528731,1,1,1,0,0,0,1,0,0,0,1,0,0,0,0,1,3
0,12.793859310432293,1,0,1,0,0,1,0,0,0,0,1,0,0,0,0,1,1
0,11.630708500626612,1,1,1,1,0,0,1,0,0,0,1,0,0,0,0,1,0
0,11.70766954176274,0,0,0,1,0,0,1,0,0,0,1,0,0,0,0,1,1
0,11.630708500626612,0,0,0,0,0,1,0,0,0,1,0,0,0,0,1,0,1
0,13.710150042306449,1,1,1,0,0,0,0,0,0,0,1,0,0,0,0,1,3
0,11.630708500626612,1,0,1,1,0,0,1,0,0,0,1,0,0,0,0,1,1
0,11.813030057420567,0,0,1,0,0,1,1,0,0,0,1,0,0,0,0,1,2
0,12.47227568630483,1,1,1,0,0,1,1,0,0,0,1,0,0,0,0,1,2
0,11.70766954176274,1,1,1,1,0,0,1,0,0,0,1,0,0,0,0,1,3
0,12.218495165528731,0,1,0,0,0,0,0,1,0,0,1,0,0,0,0,0,2
0,11.456355113481834,0,1,1,0,0,1,1,0,0,0,1,0,0,0,0,1,1
0,12.323855681186558,1,1,1,0,0,1,1,0,0,0,1,0,0,0,0,1,1
0,13.353475098367715,0,0,1,1,0,0,0,0,1,0,1,0,0,0,0,0,1
0,12.218495165528731,0,0,0,1,0,0,0,0,1,0,1,0,0,0,0,0,3
0,12.793859310432293,0,1,0,0,0,1,1,0,0,0,1,0,0,0,0,1,3
0,11.967180737247824,1,1,0,0,0,1,0,1,0,0,0,0,0,0,1,1,1
0,12.419165860990882,0,1,0,0,0,1,0,1,0,0,1,0,0,0,0,0,1
0,11.302204433654575,1,0,1,0,0,0,0,0,1,0,1,0,0,0,0,0,3
0,12.793859310432293,0,0,1,0,1,0,1,0,0,0,1,0,0,0,0,1,3
0,12.66032791780777,1,1,0,0,0,1,1,0,0,0,1,0,0,0,0,1,3
0,11.744037185933616,0,0,1,0,0,1,0,0,1,0,1,0,0,0,0,0,1
0,12.323855681186558,0,1,1,0,0,0,0,1,0,0,1,0,0,0,0,0,3
0,11.813030057420567,0,0,0,0,0,1,1,0,0,0,0,0,0,0,1,1,1
0,12.323855681186558,1,0,1,0,0,0,1,0,0,0,1,0,0,0,0,1,1
0,11.630708500626612,0,0,1,0,0,0,1,0,0,0,1,0,0,0,0,1,3
0,10.60905725309463,0,0,1,0,0,1,1,0,0,0,1,0,0,0,0,1,1
0,11.967180737247824,0,0,1,1,0,0,0,1,0,0,1,0,0,0,0,0,1
0,11.119882876860622,0,0,1,0,0,1,1,0,0,0,1,0,0,0,0,1,1
0,12.66032791780777,0,0,0,0,1,0,1,0,0,0,1,0,0,0,0,1,3
0,12.506177237980511,0,0,1,0,0,0,1,0,0,0,1,0,0,0,0,1,3
0,12.100712129872347,0,0,1,1,0,0,0,0,0,0,1,0,0,0,0,1,1
0,11.967180737247824,0,0,1,1,0,0,0,0,0,1,1,0,0,0,0,0,1
0,12.437184366493561,0,1,1,0,0,0,0,1,0,0,1,0,0,0,0,1,1
0,12.506177237980511,0,1,0,0,0,1,1,0,0,0,1,0,0,0,0,1,1
0,11.967180737247824,1,1,1,0,0,1,1,0,0,0,0,0,0,0,1,1,1
0,12.506177237980511,0,0,1,0,0,1,0,1,0,0,1,0,0,0,0,0,1
0,11.99535161421452,1,0,1,1,0,0,1,0,0,0,1,0,0,0,0,1,3
0,12.66032791780777,1,1,1,0,0,1,1,0,0,0,1,0,0,0,0,1,2
0,12.218495165528731,0,1,1,0,0,1,1,0,0,0,1,0,0,0,0,1,1
0,12.100712129872347,0,1,1,0,0,1,0,1,0,0,1,0,0,0,0,1,3
0,11.630708500626612,0,0,1,0,0,1,1,0,0,0,0,0,0,0,1,1,1
0,11.813030057420567,0,0,1,0,0,0,1,0,0,0,1,0,0,0,0,1,3
0,12.323855681186558,0,0,1,0,0,1,0,0,1,0,1,0,0,0,0,0,3
0,11.967180737247824,1,1,0,0,0,1,0,0,0,0,1,0,0,0,0,1,1
0,11.630708500626612,0,1,0,0,0,1,0,0,1,0,1,0,0,0,0,1,3
0,12.218495165528731,1,1,1,0,0,1,1,0,0,0,1,0,0,0,0,1,1
0,11.99535161421452,0,1,1,0,0,1,0,0,1,0,1,0,0,0,0,0,1
0,13.017002861746503,1,1,1,0,0,0,1,0,0,0,1,0,0,0,0,1,1
0,11.967180737247824,1,0,0,0,0,0,0,0,1,0,1,0,0,0,0,0,3
0,12.506177237980511,0,0,0,0,0,0,0,0,1,0,1,0,0,0,0,0,1
0,11.407564949312402,0,1,0,0,0,1,1,0,0,0,1,0,0,0,0,1,1
0,11.119882876860622,0,0,1,1,0,0,0,0,0,1,1,0,0,0,0,0,1
0,12.323855681186558,1,1,1,1,0,0,0,0,1,0,1,0,0,0,0,0,1
0,11.813030057420567,0,0,1,0,0,0,1,0,0,0,1,0,0,0,0,1,1
0,11.813030057420567,0,0,0,1,0,0,0,0,0,1,1,0,0,0,0,0,1
0,11.967180737247824,0,1,1,0,0,0,1,0,0,0,1,0,0,0,0,1,1
0,12.100712129872347,0,0,0,0,1,0,1,0,0,0,0,0,1,0,0,1,1
0,12.944432168911668,1,1,1,0,0,1,1,0,0,0,1,0,0,0,0,1,3
0,12.323855681186558,1,1,1,0,0,1,1,0,0,0,1,0,0,0,0,1,1
0,11.813030057420567,1,1,1,0,0,1,1,0,0,0,1,0,0,0,0,1,1
0,12.793859310432293,0,0,1,0,0,0,1,0,0,0,1,0,0,0,0,1,3
0,11.813030057420567,0,0,1,0,0,1,1,0,0,0,1,0,0,0,0,1,1
0,11.630708500626612,0,1,1,0,0,1,1,0,0,0,1,0,0,0,0,1,3
0,12.323855681186558,0,0,1,0,0,0,0,0,0,0,1,0,0,0,0,1,1
0,12.100712129872347,1,0,1,0,0,1,1,0,0,0,1,0,0,0,0,1,1
0,12.218495165528731,0,0,1,0,0,1,0,0,0,0,1,0,0,0,0,1,1
0,12.66032791780777,0,0,0,0,0,0,1,0,0,0,1,0,0,0,0,1,3
0,12.66032791780777,1,1,1,0,0,1,1,0,0,0,1,0,0,0,0,1,3
0,11.630708500626612,0,1,1,0,0,1,1,0,0,0,1,0,0,0,0,1,1
0,11.32960340784269,0,0,1,1,0,0,0,0,0,0,1,0,0,0,0,1,1
0,12.47227568630483,0,0,1,0,0,1,1,0,0,0,1,0,0,0,0,1,1
0,12.419165860990882,1,0,1,0,0,1,1,0,0,0,1,0,0,0,0,1,1
0,12.793859310432293,1,1,1,0,0,1,1,0,0,0,1,0,0,0,0,1,3
0,11.813030057420567,0,0,1,0,0,1,1,0,0,0,1,0,0,0,0,1,1
0,12.323855681186558,0,0,1,0,0,1,0,0,0,1,1,0,0,0,0,0,1
0,12.506177237980511,0,1,1,0,1,0,1,0,0,0,1,0,0,0,0,1,3
0,11.630708500626612,1,1,0,1,0,0,1,0,0,0,1,0,0,0,0,1,1
0,11.630708500626612,0,0,0,0,0,1,0,0,1,0,0,0,0,0,0,0,3
0,12.323855681186558,1,0,0,0,0,1,1,0,0,0,1,0,0,0,0,1,3
0,12.06249091705215,1,1,1,0,0,1,0,0,0,0,1,0,0,0,0,1,1
0,11.908340237224891,1,0,1,0,0,1,0,0,1,0,1,0,0,0,0,0,1
0,12.66032791780777,1,0,1,0,0,0,0,0,0,0,1,0,0,0,0,1,1
0,11.813030057420567,0,0,0,0,0,1,1,0,0,0,1,0,0,0,0,1,1
0,11.967180737247824,0,0,1,1,0,0,0,0,0,1,1,0,0,0,0,0,1
0,11.245046019814627,0,0,1,0,1,0,1,0,0,0,1,0,0,0,0,1,3
0,12.323855681186558,1,1,0,0,0,0,1,0,0,0,1,0,0,0,0,1,3
0,11.967180737247824,0,1,1,0,0,1,1,0,0,0,1,0,0,0,0,1,1
0,12.283033686666302,1,1,1,0,1,0,1,0,0,0,1,0,0,0,0,1,3
0,11.407564949312402,0,0,1,1,0,0,0,1,0,0,1,0,0,0,0,0,1
0,12.261980277468469,1,0,1,0,0,1,0,0,1,0,1,0,0,0,0,0,1
0,12.218495165528731,1,1,0,0,0,1,1,0,0,0,1,0,0,0,0,1,3
0,11.630708500626612,0,0,0,0,1,0,0,0,1,0,1,0,0,0,0,1,1
0,11.630708500626612,0,1,1,0,0,1,1,0,0,0,1,0,0,0,0,1,3
0,12.022750588402635,1,0,0,0,0,1,0,0,1,0,1,0,0,0,0,0,1
0,11.184421397998193,0,0,1,0,0,1,1,0,0,0,1,0,0,0,0,1,1
0,11.813030057420567,0,0,1,0,0,1,1,0,0,0,1,0,0,0,0,1,1
0,11.967180737247824,0,0,0,0,0,1,1,0,0,0,1,0,0,0,0,1,3
0,11.119882876860622,0,0,1,0,1,0,0,0,0,0,1,0,0,0,0,1,1
0,11.813030057420567,0,1,1,0,0,1,0,1,0,0,1,0,0,0,0,0,1
0,12.240474072247506,0,1,1,0,1,0,1,0,0,0,1,0,0,0,0,1,3
0,11.908340237224891,1,1,0,0,0,0,1,0,0,0,1,0,0,0,0,1,1
0,11.630708500626612,0,0,0,0,0,0,1,0,0,0,1,0,0,0,0,1,2
0,11.630708500626612,0,0,0,0,0,1,1,0,0,0,1,0,0,0,0,1,1
0,12.218495165528731,0,0,1,0,0,0,0,0,1,0,1,0,0,0,0,0,3
0,11.119882876860622,0,0,0,0,0,1,1,0,0,0,1,0,0,0,0,1,1
0,11.119882876860622,0,0,1,0,0,1,0,1,0,0,1,0,0,0,0,1,1
0,12.631340380934517,0,0,1,0,0,0,1,0,0,0,1,0,0,0,0,1,3
0,11.407564949312402,0,1,1,0,1,0,1,0,0,0,1,0,0,0,0,1,1
0,12.793859310432293,1,1,1,0,0,1,1,0,0,0,1,0,0,0,0,1,1
0,11.630708500626612,0,0,1,0,0,1,0,0,0,0,1,0,0,0,0,1,2
0,12.506177237980511,1,1,1,0,0,0,1,0,0,0,1,0,0,0,0,1,3
0,13.017002861746503,1,0,1,0,0,0,0,0,1,0,0,0,0,0,1,0,1
0,11.119882876860622,0,0,0,0,0,1,1,0,0,0,1,0,0,0,0,1,1
0,12.100712129872347,0,0,1,0,0,0,1,0,0,0,1,0,0,0,0,1,1
0,12.506177237980511,1,1,1,0,0,0,1,0,0,0,1,0,0,0,0,1,1
0,12.66032791780777,0,1,1,1,0,0,0,0,1,0,1,0,0,0,0,0,1
0,12.419165860990882,0,0,1,0,0,0,1,0,0,0,1,0,0,0,0,1,1
0,11.184421397998193,1,1,1,0,0,1,1,0,0,0,1,0,0,0,0,1,3
0,11.302204433654575,0,0,0,0,0,1,0,0,1,0,1,0,0,0,0,1,0
0,12.049418835484797,0,0,0,1,0,0,1,0,0,0,1,0,0,0,0,1,1
0,11.813030057420567,0,0,0,0,0,0,1,0,0,0,1,0,0,0,0,1,1
0,11.813030057420567,0,0,0,0,0,1,1,0,0,0,1,0,0,0,0,1,1
0,12.218495165528731,0,1,0,0,1,0,1,0,0,0,1,0,0,0,0,1,1
0,12.58621994565405,1,0,1,0,1,0,1,0,0,0,1,0,0,0,0,1,3
0,12.793859310432293,1,0,1,0,1,0,1,0,0,0,1,0,0,0,0,1,3
0,12.66032791780777,0,0,1,0,0,1,0,1,0,0,1,0,0,0,0,0,1
0,12.911642346088676,0,1,1,0,1,0,1,0,0,0,1,0,0,0,0,1,1
0,12.323855681186558,0,1,1,0,0,0,1,0,0,0,1,0,0,0,0,1,1
0,12.196022309676673,1,0,1,1,0,0,1,0,0,0,1,0,0,0,0,1,3
0,12.218495165528731,1,1,0,0,0,0,1,0,0,0,0,0,0,0,1,1,3
0,11.407564949312402,1,0,1,0,0,1,0,0,1,0,1,0,0,0,0,0,1
0,12.022750588402635,0,0,1,0,0,1,1,0,0,0,1,0,0,0,0,1,1
0,11.202997783571128,0,0,0,0,0,1,1,0,0,0,1,0,0,0,0,1,1
0,11.813030057420567,1,1,1,0,0,1,1,0,0,0,1,0,0,0,0,1,1
0,11.547326891687561,0,0,0,1,0,0,1,0,0,0,1,0,0,0,0,1,1
0,12.218495165528731,0,0,1,1,0,0,1,0,0,0,1,0,0,0,0,1,1
0,11.245046019814627,0,0,1,1,0,0,1,0,0,0,0,1,0,0,0,1,1
0,12.323855681186558,1,1,1,0,0,1,1,0,0,0,1,0,0,0,0,1,1
0,11.744037185933616,0,0,1,0,0,1,1,0,0,0,1,0,0,0,0,1,1
0,12.261980277468469,0,0,0,0,0,1,1,0,0,0,1,0,0,0,0,1,1
0,11.967180737247824,1,0,0,0,0,1,1,0,0,0,1,0,0,0,0,1,1
0,11.630708500626612,0,0,1,1,0,0,0,0,0,1,1,0,0,0,0,0,1
0,12.323855681186558,1,1,1,1,0,0,0,0,1,0,1,0,0,0,0,0,1
0,11.813030057420567,1,1,0,0,0,1,0,0,1,0,1,0,0,0,0,0,1
0,12.911642346088676,1,0,0,0,0,1,1,0,0,0,0,0,0,0,1,1,1
0,11.813030057420567,0,0,0,0,0,0,0,1,0,0,0,1,0,0,0,0,1
0,11.630708500626612,0,0,0,0,0,1,1,0,0,0,1,0,0,0,0,1,1
0,12.419165860990882,0,0,0,0,0,1,1,0,0,0,1,0,0,0,0,1,3
0,12.506177237980511,1,1,1,0,0,1,0,0,1,0,1,0,0,0,0,0,1
0,12.323855681186558,0,1,1,0,0,0,1,0,0,0,1,0,0,0,0,1,3
0,11.407564949312402,1,1,1,1,0,0,1,0,0,0,1,0,0,0,0,1,1
0,11.813030057420567,0,0,1,0,0,1,0,0,1,0,1,0,0,0,0,0,1
0,11.119882876860622,0,0,0,0,0,1,1,0,0,0,1,0,0,0,0,1,1
0,11.813030057420567,1,0,0,0,0,1,1,0,0,0,1,0,0,0,0,1,1
0,12.173032791451973,0,0,0,0,0,1,0,0,1,0,0,1,0,0,0,0,1
0,11.813030057420567,0,0,0,0,0,1,1,0,0,0,1,0,0,0,0,1,1
0,12.218495165528731,1,1,1,0,0,0,1,0,0,0,1,0,0,0,0,1,1
0,11.813030057420567,0,1,1,0,0,1,1,0,0,0,1,0,0,0,0,1,1
0,12.100712129872347,0,0,1,1,0,0,1,0,0,0,1,0,0,0,0,1,3
0,11.630708500626612,0,0,1,0,0,1,1,0,0,0,1,0,0,0,0,1,1
0,12.419165860990882,1,0,0,0,0,1,0,0,1,0,1,0,0,0,0,1,3
0,12.793859310432293,1,1,0,0,0,1,1,0,0,0,1,0,0,0,0,1,1
0,12.173032791451973,1,1,0,0,0,1,1,0,0,0,1,0,0,0,0,1,3
0,11.119882876860622,0,1,1,0,0,1,1,0,0,0,1,0,0,0,0,1,1
0,12.631340380934517,0,0,1,0,0,1,1,0,0,0,1,0,0,0,0,1,1
0,11.938193200374572,0,0,1,1,0,0,0,1,0,0,1,0,0,0,0,0,1
0,12.049418835484797,0,0,0,0,0,1,1,0,0,0,1,0,0,0,0,1,1
0,11.630708500626612,0,0,0,0,0,1,0,1,0,0,1,0,0,0,0,0,1
0,12.793859310432293,1,1,1,0,0,0,1,0,0,0,1,0,0,0,0,1,2
0,11.967180737247824,1,0,1,0,0,1,1,0,0,0,1,0,0,0,0,1,1
0,11.630708500626612,0,0,0,1,0,0,1,0,0,0,1,0,0,0,0,1,1
0,12.58621994565405,0,0,0,0,1,0,1,0,0,0,1,0,0,0,0,1,1
0,12.66032791780777,0,0,0,0,0,1,0,1,0,0,1,0,0,0,0,0,1
0,11.813030057420567,0,0,1,0,0,1,0,0,1,0,1,0,0,0,0,0,3
0,12.100712129872347,1,0,0,0,0,1,1,0,0,0,1,0,0,0,0,1,1
0,12.100712129872347,0,0,0,0,1,0,1,0,0,0,1,0,0,0,0,1,2
0,12.58621994565405,0,0,0,0,0,0,0,0,0,0,1,0,0,0,0,1,1
0,11.813030057420567,0,0,1,1,0,0,0,1,0,0,1,0,0,0,0,0,2
0,12.323855681186558,1,0,0,0,0,1,1,0,0,0,1,0,0,0,0,1,3
0,12.323855681186558,0,0,1,1,0,0,1,0,0,0,1,0,0,0,0,1,1
0,11.813030057420567,0,0,1,0,0,1,1,0,0,0,1,0,0,0,0,1,1
0,12.58621994565405,1,1,0,0,0,1,0,0,1,0,1,0,0,0,0,0,1
0,12.100712129872347,0,0,0,0,0,1,1,0,0,0,1,0,0,0,0,1,1
0,12.522706539931722,0,0,1,0,0,0,1,0,0,0,1,0,0,0,0,1,1
0,12.323855681186558,0,0,1,0,0,1,0,0,1,0,1,0,0,0,0,0,1
0,12.100712129872347,1,1,0,0,0,1,1,0,0,0,1,0,0,0,0,1,1
0,12.323855681186558,1,1,0,0,0,0,1,0,0,0,1,0,0,0,0,1,1
0,12.793859310432293,1,0,0,0,0,0,1,0,0,0,1,0,0,0,0,1,3
0,11.744037185933616,0,0,1,1,0,0,0,0,0,1,1,0,0,0,0,0,1
0,12.100712129872347,1,0,0,0,0,1,1,0,0,0,1,0,0,0,0,1,1
0,10.896739325546411,0,0,1,0,0,1,1,0,0,0,1,0,0,0,0,1,3
0,11.245046019814627,0,0,0,0,0,1,1,0,0,0,1,0,0,0,0,1,3
0,12.419165860990882,1,0,1,0,0,1,1,0,0,0,1,0,0,0,0,1,1
0,11.630708500626612,0,0,1,0,1,0,0,0,0,0,1,0,0,0,0,1,2
0,11.302204433654575,0,0,1,1,0,0,1,0,0,0,1,0,0,0,0,1,1
0,11.813030057420567,1,1,0,0,0,0,1,0,0,0,1,0,0,0,0,1,1
0,11.813030057420567,0,0,1,0,0,1,1,0,0,0,1,0,0,0,0,1,1
0,11.502875129116727,0,1,1,0,0,1,1,0,0,0,1,0,0,0,0,1,1
0,11.119882876860622,0,0,0,0,0,1,1,0,0,0,0,1,0,0,0,1,1
0,12.022750588402635,1,1,1,0,0,1,0,0,1,0,1,0,0,0,0,0,1
0,12.218495165528731,1,0,0,0,0,1,0,1,0,0,1,0,0,0,0,1,1
0,10.976782033219948,0,0,1,0,0,1,1,0,0,0,1,0,0,0,0,1,3
0,11.813030057420567,0,0,1,0,0,0,1,0,0,0,1,0,0,0,0,1,1
0,11.813030057420567,0,0,1,0,0,1,0,0,1,0,1,0,0,0,0,0,1
0,12.100712129872347,0,0,0,0,0,1,1,0,0,0,1,0,0,0,0,1,1
0,11.630708500626612,0,0,1,0,1,0,1,0,0,0,1,0,0,0,0,1,1
0,11.877568578558138,0,1,1,0,0,1,1,0,0,0,1,0,0,0,0,1,1
0,11.630708500626612,1,0,1,0,0,0,1,0,0,0,1,0,0,0,0,1,3
0,11.813030057420567,1,1,1,0,0,0,1,0,0,0,1,0,0,0,0,1,1
0,11.302204433654575,0,0,1,0,0,1,0,0,1,0,1,0,0,0,0,0,1
0,12.173032791451973,0,0,0,0,0,1,1,0,0,0,0,0,0,0,1,1,3
0,11.877568578558138,1,1,1,0,0,1,1,0,0,0,1,0,0,0,0,1,1
0,12.58621994565405,0,0,1,1,0,0,0,0,1,0,1,0,0,0,0,0,1
0,11.967180737247824,0,0,1,0,0,1,1,0,0,0,1,0,0,0,0,1,1
0,12.66032791780777,1,1,1,0,0,1,1,0,0,0,1,0,0,0,0,1,3
0,11.813030057420567,0,0,0,0,0,1,1,0,0,0,1,0,0,0,0,1,1
0,12.218495165528731,1,1,1,0,0,0,1,0,0,0,0,0,0,1,0,1,1
0,12.100712129872347,0,1,1,0,0,0,0,0,1,0,1,0,0,0,0,1,1
0,11.630708500626612,0,0,1,0,0,1,1,0,0,0,1,0,0,0,0,1,3
0,11.630708500626612,0,0,1,0,0,1,1,0,0,0,1,0,0,0,0,1,3
0,12.506177237980511,1,0,0,0,0,0,1,0,0,0,1,0,0,0,0,1,1
0,11.245046019814627,0,0,1,1,0,0,1,0,0,0,1,0,0,0,0,1,1
0,12.58621994565405,1,1,0,0,0,0,0,0,1,0,1,0,0,0,0,0,3
0,12.911642346088676,1,1,1,0,1,0,1,0,0,0,1,0,0,0,0,1,3
0,12.173032791451973,0,0,1,0,0,1,1,0,0,0,1,0,0,0,0,1,1
0,12.100712129872347,0,0,1,0,0,1,1,0,0,0,1,0,0,0,0,1,1
0,11.654425027243928,0,0,1,0,0,0,1,0,0,0,1,0,0,0,0,1,1
0,10.937561320066667,0,1,0,1,0,0,1,0,0,0,1,0,0,0,0,1,1
0,12.100712129872347,1,1,1,0,0,0,1,0,0,0,1,0,0,0,0,1,3
0,11.967180737247824,0,0,1,0,0,0,1,0,0,0,1,0,0,0,0,1,1
0,12.218495165528731,1,1,1,0,0,1,1,0,0,0,1,0,0,0,0,1,1
0,11.813030057420567,0,1,1,0,0,1,1,0,0,0,1,0,0,0,0,1,1
0,12.218495165528731,0,0,1,0,0,0,1,0,0,0,1,0,0,0,0,1,1
0,11.967180737247824,0,0,1,1,0,0,0,0,0,1,1,0,0,0,0,0,1
0,12.323855681186558,1,0,1,0,0,1,1,0,0,0,1,0,0,0,0,1,1
0,12.022750588402635,0,1,0,0,0,1,0,0,1,0,1,0,0,0,0,0,2
0,12.218495165528731,1,1,1,0,0,1,0,0,1,0,1,0,0,0,0,0,1
0,11.356271654924852,1,0,1,0,1,0,0,1,0,0,0,0,0,0,0,0,1
0,11.967180737247824,0,0,1,1,0,0,0,1,0,0,1,0,0,0,0,0,1
0,12.506177237980511,0,0,1,0,0,1,1,0,0,0,1,0,0,0,0,1,3
0,11.967180737247824,0,0,1,0,0,1,0,1,0,0,0,1,0,0,0,1,1
0,12.793859310432293,0,0,1,1,0,0,1,0,0,0,1,0,0,0,0,1,3
0,11.407564949312402,0,1,1,1,0,0,1,0,0,0,1,0,0,0,0,1,1
0,11.407564949312402,0,0,1,1,0,0,1,0,0,0,1,0,0,0,0,1,1
0,11.813030057420567,1,1,1,1,0,0,1,0,0,0,1,0,0,0,0,1,1
0,11.630708500626612,0,0,1,0,0,1,0,0,1,0,1,0,0,0,0,0,1
0,12.323855681186558,1,1,0,0,0,1,0,0,1,0,1,0,0,0,0,0,1
0,12.323855681186558,1,1,1,0,0,0,0,0,1,0,1,0,0,0,0,0,3
0,12.218495165528731,0,0,1,0,1,0,0,0,1,0,1,0,0,0,0,0,1
0,12.218495165528731,0,0,1,0,0,0,1,0,0,0,1,0,0,0,0,1,3
0,12.323855681186558,1,1,0,0,1,0,1,0,0,0,0,0,0,0,1,1,3
0,11.589886506106357,0,1,0,0,0,1,1,0,0,0,0,0,0,0,1,1,1
0,12.323855681186558,0,0,1,0,0,1,0,0,0,1,1,0,0,0,0,0,1
0,12.100712129872347,0,1,1,0,0,0,1,0,0,0,1,0,0,0,0,1,1
0,11.813030057420567,1,0,1,0,0,1,1,0,0,0,1,0,0,0,0,1,1
0,11.630708500626612,0,0,1,1,0,0,1,0,0,0,1,0,0,0,0,1,1
0,11.407564949312402,0,1,0,0,0,1,0,0,1,0,1,0,0,0,0,0,3
0,11.407564949312402,1,0,1,0,0,0,0,0,0,0,1,0,0,0,0,1,1
0,11.547326891687561,0,0,1,0,0,1,1,0,0,0,1,0,0,0,0,1,1
0,11.184421397998193,0,1,0,0,0,1,1,0,0,0,1,0,0,0,0,1,1
0,11.813030057420567,0,1,1,0,0,1,1,0,0,0,1,0,0,0,0,1,0
0,13.112313041550827,1,1,1,0,0,1,0,0,1,0,0,0,0,1,0,0,1
0,11.813030057420567,1,0,1,0,0,1,1,0,0,0,1,0,0,0,0,1,1
0,12.793859310432293,1,0,0,0,0,1,1,0,0,0,1,0,0,0,0,1,3
0,11.813030057420567,0,1,0,0,0,1,1,0,0,0,1,0,0,0,0,1,1
0,12.323855681186558,1,1,1,0,1,0,1,0,0,0,1,0,0,0,0,1,3
0,11.813030057420567,0,0,1,0,0,1,0,0,1,0,1,0,0,0,0,0,3
0,11.302204433654575,0,0,1,1,0,0,1,0,0,0,1,0,0,0,0,1,1
0,11.407564949312402,0,1,1,0,0,1,1,0,0,0,1,0,0,0,0,1,1
0,13.017002861746503,1,1,1,0,0,1,0,0,1,0,1,0,0,0,0,0,1
0,12.793859310432293,0,0,1,0,0,0,0,0,1,0,1,0,0,0,0,0,1
0,12.323855681186558,1,0,1,0,1,0,1,0,0,0,1,0,0,0,0,1,3
0,12.218495165528731,0,0,1,0,0,1,1,0,0,0,1,0,0,0,0,1,1
0,12.218495165528731,0,0,0,0,0,1,0,1,0,0,1,0,0,0,0,0,1
0,11.47053974847379,0,1,0,0,0,0,1,0,0,0,1,0,0,0,0,1,1
0,11.630708500626612,0,0,1,0,0,1,1,0,0,0,0,0,0,0,1,1,3
0,11.744037185933616,0,0,1,0,0,0,0,0,0,0,0,1,0,0,0,1,1
0,11.502875129116727,0,0,1,0,0,1,1,0,0,0,1,0,0,0,0,1,1
0,11.630708500626612,0,0,1,0,0,1,0,0,0,0,1,0,0,0,0,1,2
0,12.100712129872347,0,0,1,0,0,0,1,0,0,0,1,0,0,0,0,1,1
0,12.323855681186558,1,0,0,0,0,1,0,0,1,0,1,0,0,0,0,0,3
0,12.323855681186558,1,1,1,0,0,1,0,0,1,0,1,0,0,0,0,0,1
0,12.218495165528731,0,0,1,0,0,1,0,0,1,0,1,0,0,0,0,0,2
0,12.100712129872347,0,0,1,1,0,0,1,0,0,0,1,0,0,0,0,1,1
0,11.813030057420567,0,1,1,0,0,0,0,0,0,0,1,0,0,0,0,1,2
0,12.66032791780777,0,1,1,0,1,0,1,0,0,0,1,0,0,0,0,1,1
0,12.866179972011919,0,0,0,0,0,0,1,0,0,0,1,0,0,0,0,1,3
0,10.714417768752456,0,0,1,1,0,0,1,0,0,0,1,0,0,0,0,1,1
0,12.130270932113891,0,1,0,0,0,0,1,0,0,0,1,0,0,0,0,1,1
0,11.245046019814627,0,0,0,0,0,1,1,0,0,0,1,0,0,0,0,1,1
0,12.323855681186558,0,1,0,0,0,1,0,0,0,0,1,0,0,0,0,1,3
0,13.604789526648622,1,1,1,0,0,0,0,0,0,0,0,0,1,0,0,1,2
0,11.744037185933616,0,0,1,0,0,1,1,0,0,0,1,0,0,0,0,1,3
0,11.813030057420567,0,0,0,1,0,0,1,0,0,0,1,0,0,0,0,1,1
0,11.407564949312402,0,0,1,0,0,1,1,0,0,0,1,0,0,0,0,1,1
0,11.967180737247824,1,0,1,0,0,1,0,0,0,0,1,0,0,0,0,1,1
0,12.100712129872347,0,0,1,1,0,0,1,0,0,0,1,0,0,0,0,1,3
0,11.630708500626612,0,0,1,0,1,0,0,0,1,0,1,0,0,0,0,0,1
0,12.506177237980511,1,1,1,1,0,0,1,0,0,0,1,0,0,0,0,1,1
0,11.813030057420567,0,0,0,0,0,1,1,0,0,0,1,0,0,0,0,1,1
0,11.547326891687561,0,0,0,0,0,1,1,0,0,0,1,0,0,0,0,1,3
0,11.779128505744886,0,0,1,0,0,1,1,0,0,0,1,0,0,0,0,1,1
0,11.407564949312402,0,0,1,0,0,1,1,0,0,0,1,0,0,0,0,1,1
0,11.630708500626612,1,1,0,0,0,1,1,0,0,0,1,0,0,0,0,1,3
0,11.967180737247824,0,0,1,1,0,0,1,0,0,0,1,0,0,0,0,1,1
0,12.218495165528731,0,0,1,0,1,0,0,0,0,0,1,0,0,0,0,1,1
0,11.119882876860622,1,0,1,1,0,0,0,1,0,0,1,0,0,0,0,0,1
0,12.14950229404178,0,1,1,0,0,1,1,0,0,0,1,0,0,0,0,1,0
0,12.100712129872347,0,0,1,0,0,1,1,0,0,0,1,0,0,0,0,1,1
0,11.813030057420567,0,0,1,0,0,1,1,0,0,0,1,0,0,0,0,1,1
0,11.813030057420567,1,1,1,0,0,0,0,0,0,0,1,0,0,0,0,1,3
0,12.022750588402635,0,1,1,0,0,1,1,0,0,0,1,0,0,0,0,1,1
0,11.407564949312402,0,0,1,1,0,0,1,0,0,0,1,0,0,0,0,1,1
0,12.729320789294722,1,1,0,0,1,0,1,0,0,0,0,0,0,0,1,1,3
0,11.407564949312402,0,1,1,0,1,0,1,0,0,0,1,0,0,0,0,1,1
0,11.967180737247824,0,1,1,0,0,1,1,0,0,0,1,0,0,0,0,1,1
0,11.630708500626612,0,0,0,1,0,0,1,0,0,0,1,0,0,0,0,1,1
0,12.100712129872347,1,1,0,0,0,0,1,0,0,0,1,0,0,0,0,1,3
0,11.630708500626612,0,1,1,0,0,1,1,0,0,0,1,0,0,0,0,1,3
0,11.813030057420567,0,0,1,0,0,1,1,0,0,0,1,0,0,0,0,1,1
0,11.813030057420567,0,0,0,0,0,1,1,0,0,0,1,0,0,0,0,1,1
0,11.813030057420567,0,0,0,0,0,0,1,0,0,0,0,0,0,0,1,1,3
0,12.022750588402635,1,1,1,0,0,1,0,0,1,0,1,0,0,0,0,0,1
0,11.744037185933616,0,0,0,0,0,0,1,0,0,0,1,0,0,0,0,1,1
0,12.419165860990882,0,1,1,0,0,0,1,0,0,0,1,0,0,0,0,1,3
0,12.125404742462718,0,0,1,0,0,1,1,0,0,0,1,0,0,0,0,1,1
0,12.017330520933296,0,0,1,1,0,0,0,0,0,1,1,0,0,0,0,0,1
0,12.66032791780777,1,1,1,0,0,1,1,0,0,0,1,0,0,0,0,1,3
0,11.630708500626612,0,0,0,1,0,0,0,0,1,0,1,0,0,0,0,0,1
0,11.630708500626612,1,1,0,0,0,1,0,0,0,0,1,0,0,0,0,1,1
0,12.218495165528731,1,0,1,0,0,0,0,0,1,0,0,0,0,1,0,0,1
0,11.184421397998193,0,0,1,1,0,0,1,0,0,0,1,0,0,0,0,1,1
0,12.218495165528731,0,0,1,0,0,0,1,0,0,0,1,0,0,0,0,1,1
0,12.877740794412995,0,1,1,0,0,1,1,0,0,0,1,0,0,0,0,1,1
0,11.630708500626612,1,1,1,0,0,1,1,0,0,0,1,0,0,0,0,1,3
0,11.967180737247824,0,0,1,0,0,1,1,0,0,0,1,0,0,0,0,1,1
0,11.630708500626612,0,0,0,0,0,1,0,0,0,1,1,0,0,0,0,1,1
0,12.506177237980511,0,0,1,0,1,0,1,0,0,0,1,0,0,0,0,1,1
0,12.506177237980511,1,0,1,0,0,0,0,0,1,0,1,0,0,0,0,0,1
0,12.419165860990882,1,1,0,0,0,1,1,0,0,0,1,0,0,0,0,1,1
0,12.793859310432293,1,1,1,1,0,0,1,0,0,0,1,0,0,0,0,1,1
0,12.14950229404178,0,0,1,1,0,0,0,1,0,0,1,0,0,0,0,0,3
0,11.967180737247824,0,1,1,0,1,0,1,0,0,0,1,0,0,0,0,1,1
0,12.911642346088676,0,1,1,0,0,0,1,0,0,0,1,0,0,0,0,1,2
0,11.967180737247824,0,0,1,0,1,0,1,0,0,0,1,0,0,0,0,1,3
0,11.779128505744886,0,0,1,0,0,1,1,0,0,0,1,0,0,0,0,1,1
0,11.813030057420567,0,0,1,1,0,0,0,0,0,0,1,0,0,0,0,1,1
0,11.407564949312402,0,1,1,1,0,0,1,0,0,0,1,0,0,0,0,1,1
0,11.119882876860622,0,0,0,0,0,0,0,0,0,0,1,0,0,0,0,1,1
0,11.813030057420567,0,0,1,0,0,0,1,0,0,0,1,0,0,0,0,1,1
0,12.419165860990882,1,1,1,0,0,1,1,0,0,0,1,0,0,0,0,1,1
0,11.967180737247824,0,1,1,0,0,0,0,0,1,0,1,0,0,0,0,0,3
0,11.813030057420567,0,1,1,0,0,1,1,0,0,0,1,0,0,0,0,1,3
0,11.744037185933616,0,0,1,1,0,0,1,0,0,0,1,0,0,0,0,1,1
0,12.100712129872347,0,0,0,0,0,1,0,0,0,1,1,0,0,0,0,0,2
0,11.630708500626612,0,0,0,1,0,0,0,1,0,0,0,1,0,0,0,0,1
0,12.419165860990882,0,0,1,0,0,0,1,0,0,0,1,0,0,0,0,1,3
0,11.630708500626612,0,0,1,1,0,0,0,0,0,1,1,0,0,0,0,0,1
0,12.66032791780777,1,1,1,0,0,1,1,0,0,0,1,0,0,0,0,1,3
0,11.119882876860622,0,0,1,1,0,0,0,0,1,0,1,0,0,0,0,0,0
0,12.729320789294722,1,1,1,0,0,1,1,0,0,0,0,0,0,0,1,1,3
0,12.729320789294722,0,0,1,0,0,1,1,0,0,0,1,0,0,0,0,1,1
0,11.630708500626612,0,0,1,1,0,0,0,0,0,1,1,0,0,0,0,0,1
0,11.967180737247824,0,0,0,0,0,0,1,0,0,0,1,0,0,0,0,1,3
0,12.58621994565405,0,0,0,0,0,0,0,0,0,0,1,0,0,0,0,1,1
0,11.813030057420567,1,1,0,0,1,0,1,0,0,0,1,0,0,0,0,1,1
0,13.017002861746503,1,1,1,0,0,1,1,0,0,0,1,0,0,0,0,1,3
0,12.100712129872347,0,0,0,0,0,1,1,0,0,0,0,1,0,0,0,1,1
0,11.813030057420567,1,0,1,0,0,1,1,0,0,0,1,0,0,0,0,1,1
0,12.100712129872347,0,0,0,0,0,0,0,0,1,0,1,0,0,0,0,0,1
0,12.218495165528731,0,1,0,0,0,1,1,0,0,0,1,0,0,0,0,1,3
0,12.100712129872347,1,1,1,0,0,1,1,0,0,0,0,0,0,0,1,1,3
0,11.630708500626612,0,1,1,0,0,1,1,0,0,0,1,0,0,0,0,1,3
0,11.813030057420567,1,1,1,1,0,0,1,0,0,0,1,0,0,0,0,1,1
0,11.302204433654575,0,0,0,0,0,1,0,0,1,0,1,0,0,0,0,0,1
0,11.813030057420567,0,0,0,0,0,1,1,0,0,0,1,0,0,0,0,1,1
0,12.506177237980511,1,0,0,0,0,1,1,0,0,0,0,0,0,0,1,1,1
0,12.419165860990882,0,0,1,0,0,0,1,0,0,0,1,0,0,0,0,1,1
0,12.218495165528731,1,1,1,0,0,1,1,0,0,0,1,0,0,0,0,1,1
0,12.323855681186558,0,0,1,0,1,0,1,0,0,0,1,0,0,0,0,1,1
0,11.967180737247824,0,0,0,0,1,0,1,0,0,0,1,0,0,0,0,1,3
0,12.283033686666302,0,1,0,0,0,1,0,0,1,0,1,0,0,0,0,0,1
0,12.218495165528731,1,1,0,0,0,1,1,0,0,0,1,0,0,0,0,1,1
0,11.813030057420567,0,0,1,0,0,1,0,0,1,0,1,0,0,0,0,0,1
0,12.419165860990882,1,1,0,0,0,1,1,0,0,0,1,0,0,0,0,1,3
0,12.100712129872347,0,0,1,0,0,1,1,0,0,0,1,0,0,0,0,1,1
0,11.119882876860622,1,1,1,1,0,0,1,0,0,0,1,0,0,0,0,1,1
0,11.779128505744886,0,0,0,0,0,1,1,0,0,0,1,0,0,0,0,1,1
0,11.502875129116727,0,0,0,0,0,0,0,0,1,0,1,0,0,0,0,0,1
0,11.630708500626612,1,0,1,0,1,0,1,0,0,0,1,0,0,0,0,1,1
0,12.419165860990882,0,1,1,0,0,1,0,0,1,0,0,0,0,0,1,0,1
0,12.100712129872347,1,1,1,0,0,0,1,0,0,0,1,0,0,0,0,1,1
0,12.323855681186558,0,0,0,1,0,0,1,0,0,0,1,0,0,0,0,1,1
0,12.911642346088676,1,1,1,0,0,1,1,0,0,0,1,0,0,0,0,1,3
0,12.419165860990882,1,1,1,0,0,1,1,0,0,0,1,0,0,0,0,1,3
0,12.049418835484797,0,0,1,0,0,1,1,0,0,0,1,0,0,0,0,1,3
0,12.100712129872347,0,1,1,0,0,0,1,0,0,0,1,0,0,0,0,1,3
0,12.729320789294722,1,1,0,0,0,1,1,0,0,0,1,0,0,0,0,1,1
0,12.66032791780777,0,0,1,0,0,0,1,0,0,0,1,0,0,0,0,1,1
0,12.419165860990882,0,0,1,0,0,1,1,0,0,0,1,0,0,0,0,1,1
0,12.100712129872347,0,0,1,1,0,0,1,0,0,0,1,0,0,0,0,1,1
0,11.32960340784269,1,1,1,0,0,1,1,0,0,0,1,0,0,0,0,1,1
0,12.218495165528731,1,0,1,0,0,0,1,0,0,0,1,0,0,0,0,1,1
0,13.017002861746503,1,1,1,0,0,0,0,0,1,0,1,0,0,0,0,0,3
0,11.813030057420567,1,1,1,0,0,1,1,0,0,0,0,0,0,0,1,1,0
0,12.323855681186558,1,1,0,0,0,0,0,0,1,0,1,0,0,0,0,0,1
0,11.967180737247824,1,0,1,0,0,1,1,0,0,0,1,0,0,0,0,1,1
0,12.506177237980511,1,1,1,0,0,0,1,0,0,0,1,0,0,0,0,1,1
0,12.283033686666302,0,1,1,0,0,1,1,0,0,0,1,0,0,0,0,1,3
0,11.650511127922792,1,0,1,1,0,0,0,1,0,0,1,0,0,0,0,0,1
0,11.502875129116727,0,0,1,0,0,0,1,0,0,0,1,0,0,0,0,1,3
0,10.763207932921889,0,0,1,1,0,0,1,0,0,0,0,1,0,0,0,1,1
0,10.809727948556782,0,0,0,1,0,0,1,0,0,0,1,0,0,0,0,1,1
0,11.813030057420567,0,0,1,0,0,1,0,0,1,0,1,0,0,0,0,0,1
0,12.323855681186558,0,1,1,0,0,0,1,0,0,0,1,0,0,0,0,1,3
0,13.017002861746503,0,0,0,0,0,1,1,0,0,0,1,0,0,0,0,1,3
0,12.323855681186558,1,0,1,0,0,1,1,0,0,0,1,0,0,0,0,1,1
0,11.407564949312402,1,0,1,1,0,0,1,0,0,0,1,0,0,0,0,1,1
0,12.100712129872347,0,0,0,0,0,0,0,0,1,0,1,0,0,0,0,0,1
0,11.547326891687561,0,0,1,1,0,0,0,0,0,1,1,0,0,0,0,0,1
0,11.813030057420567,0,1,1,0,0,0,1,0,0,0,1,0,0,0,0,1,1
0,12.323855681186558,0,1,1,1,0,0,1,0,0,0,1,0,0,0,0,1,1
0,11.630708500626612,1,0,1,0,0,1,1,0,0,0,1,0,0,0,0,1,1
0,12.506177237980511,0,0,0,0,0,1,1,0,0,0,1,0,0,0,0,1,1
0,12.506177237980511,0,1,1,0,0,1,1,0,0,0,1,0,0,0,0,1,1
0,12.218495165528731,1,0,0,0,1,0,1,0,0,0,1,0,0,0,0,1,3
0,12.100712129872347,1,1,0,0,0,0,1,0,0,0,0,1,0,0,0,1,1
0,12.100712129872347,1,0,1,0,0,1,0,0,0,0,1,0,0,0,0,1,0
0,11.589886506106357,0,1,0,0,0,0,1,0,0,0,1,0,0,0,0,1,3
0,12.323855681186558,0,1,0,0,0,1,1,0,0,0,1,0,0,0,0,1,1
0,11.967180737247824,1,1,1,0,0,1,1,0,0,0,1,0,0,0,0,1,1
0,12.911642346088676,0,0,1,0,0,0,1,0,0,0,1,0,0,0,0,1,1
0,12.323855681186558,1,0,1,0,0,0,0,0,1,0,1,0,0,0,0,0,1
0,12.283033686666302,0,0,0,1,0,0,1,0,0,0,1,0,0,0,0,1,1
0,11.813030057420567,0,0,1,0,0,1,0,0,0,0,1,0,0,0,0,1,4
0,11.630708500626612,0,0,1,1,0,0,1,0,0,0,1,0,0,0,0,1,1
0,11.813030057420567,0,0,1,0,0,0,1,0,0,0,1,0,0,0,0,1,2
0,11.967180737247824,0,0,1,1,0,0,0,0,1,0,1,0,0,0,0,0,1
0,10.714417768752456,0,0,0,0,1,0,1,0,0,0,1,0,0,0,0,1,1
0,11.967180737247824,1,1,0,0,0,1,1,0,0,0,1,0,0,0,0,1,3
0,12.196022309676673,1,0,1,0,0,0,0,0,1,0,1,0,0,0,0,1,2
0,12.363076394339839,0,0,0,0,1,0,0,0,0,0,1,0,0,0,0,1,3
0,11.967180737247824,0,1,1,0,0,1,1,0,0,0,1,0,0,0,0,1,1
0,12.240474072247506,0,0,1,0,0,0,0,0,0,1,1,0,0,0,0,1,1
0,12.196022309676673,0,0,0,1,0,0,0,0,0,1,1,0,0,0,0,0,1
0,11.967180737247824,0,1,1,1,0,0,0,0,0,1,1,0,0,0,0,0,1
0,12.100712129872347,0,1,1,0,0,1,1,0,0,0,1,0,0,0,0,1,1
0,12.283033686666302,0,0,1,1,0,0,0,0,1,0,1,0,0,0,0,0,3
0,11.630708500626612,0,0,0,0,0,1,1,0,0,0,1,0,0,0,0,1,1
0,11.456355113481834,0,0,0,0,0,1,1,0,0,0,1,0,0,0,0,1,3
0,11.152672699683611,0,0,0,1,0,0,0,0,0,1,0,1,0,0,0,0,1
0,11.547326891687561,0,0,0,0,0,1,1,0,0,0,1,0,0,0,0,1,1
0,11.967180737247824,1,1,1,0,0,1,1,0,0,0,1,0,0,0,0,1,1
0,11.630708500626612,0,0,1,0,0,1,1,0,0,0,1,0,0,0,0,1,3
0,11.119882876860622,0,0,0,0,0,1,1,0,0,0,0,0,0,0,1,1,1
0,11.630708500626612,0,0,1,0,0,1,1,0,0,0,1,0,0,0,0,1,1
0,11.967180737247824,1,0,1,0,0,1,1,0,0,0,1,0,0,0,0,1,2
0,12.506177237980511,1,0,1,0,0,1,1,0,0,0,1,0,0,0,0,1,3
0,11.813030057420567,1,0,1,0,0,1,1,0,0,0,1,0,0,0,0,1,1
0,11.630708500626612,1,1,1,0,0,1,0,0,1,0,1,0,0,0,0,0,1
0,11.744037185933616,0,1,1,0,0,1,1,0,0,0,1,0,0,0,0,1,3
0,12.075394321888057,0,1,1,1,0,0,1,0,0,0,1,0,0,0,0,1,3
0,11.908340237224891,1,0,0,0,0,1,1,0,0,0,1,0,0,0,0,1,1
0,11.744037185933616,0,1,0,0,1,0,0,0,1,0,1,0,0,0,0,0,2
0,12.100712129872347,0,1,1,0,0,1,1,0,0,0,0,1,0,0,0,1,1
0,12.323855681186558,1,1,1,0,0,0,0,0,1,0,0,0,0,0,1,0,3
0,11.744037185933616,1,0,1,0,0,0,0,0,0,0,1,0,0,0,0,1,1
0,11.967180737247824,0,0,0,1,0,0,0,1,0,0,1,0,0,0,0,0,1
0,11.967180737247824,1,0,1,0,0,0,1,0,0,0,1,0,0,0,0,1,3
0,12.506177237980511,1,1,1,0,0,0,1,0,0,0,1,0,0,0,0,1,3
0,12.100712129872347,1,1,1,0,0,0,1,0,0,0,1,0,0,0,0,1,1
0,11.877568578558138,0,0,0,0,0,1,1,0,0,0,1,0,0,0,0,1,1
0,11.630708500626612,0,1,0,0,0,0,1,0,0,0,1,0,0,0,0,1,3
0,12.323855681186558,1,0,0,0,0,0,1,0,0,0,1,0,0,0,0,1,1
0,13.017002861746503,0,1,0,1,0,0,1,0,0,0,1,0,0,0,0,1,3
0,12.100712129872347,0,0,1,0,0,1,1,0,0,0,1,0,0,0,0,1,3
0,11.877568578558138,0,1,1,0,0,1,1,0,0,0,1,0,0,0,0,1,3
0,12.323855681186558,0,0,1,0,0,1,1,0,0,0,1,0,0,0,0,1,3
0,12.793859310432293,1,1,0,0,1,0,1,0,0,0,1,0,0,0,0,1,1
0,12.022750588402635,0,0,1,0,0,0,1,0,0,0,1,0,0,0,0,1,3
0,12.323855681186558,0,0,0,0,0,0,0,0,1,0,1,0,0,0,0,0,2
0,12.100712129872347,1,1,1,0,0,1,1,0,0,0,1,0,0,0,0,1,3
0,12.506177237980511,1,1,0,0,0,1,0,0,0,0,1,0,0,0,0,1,1
0,12.323855681186558,0,1,1,0,0,1,1,0,0,0,1,0,0,0,0,1,3
